case_id,crime_type,transaction_type,transaction_amount,transaction_hour,transaction_day,is_night,victim_latitude,victim_longitude,candidate_latitude,candidate_longitude,distance_km,proximity_score,candidate_historical_risk,candidate_volume_score,candidate_night_activity,candidate_incident_count,suspicious_activity_score,victim_area_risk_score,withdrawal_occurred
CASE_10001,UPI Fraud,NEFT,61192.21,8,2,0,17.47854,78.4448,17.47084,78.46262,2.0749356369600003,0.6584431900255765,0.872,0.924,0.549,24,0.395,0.547,1
CASE_10001,UPI Fraud,NEFT,61192.21,8,2,0,17.47854,78.4448,17.45151,78.38368,7.145768110085881,0.35888060477235056,0.685,0.656,0.642,28,0.395,0.547,0
CASE_10001,UPI Fraud,NEFT,61192.21,8,2,0,17.47854,78.4448,17.43423,78.42973,5.179874927470697,0.43573578415867453,0.609,0.731,0.342,25,0.395,0.547,0
CASE_10001,UPI Fraud,NEFT,61192.21,8,2,0,17.47854,78.4448,17.42427,78.35543,11.237782941586893,0.26250537990557776,0.82,0.99,0.869,27,0.395,0.547,0
CASE_10001,UPI Fraud,NEFT,61192.21,8,2,0,17.47854,78.4448,17.46179,78.38469,6.642100192888158,0.37586565879854217,0.707,0.763,0.429,21,0.395,0.547,0
CASE_10002,UPI Fraud,Other,2236.76,23,5,1,17.41535,78.3708,17.42427,78.35543,1.9086410208742888,0.6769746183375562,0.82,0.99,0.869,27,0.371,0.483,1
CASE_10002,UPI Fraud,Other,2236.76,23,5,1,17.41535,78.3708,17.37579,78.53535,18.005869407917057,0.18176968725266174,0.889,0.92,0.669,28,0.371,0.483,0
CASE_10002,UPI Fraud,Other,2236.76,23,5,1,17.41535,78.3708,17.35729,78.54128,19.207886270968995,0.17235520517883807,0.891,0.785,0.746,32,0.371,0.483,0
CASE_10002,UPI Fraud,Other,2236.76,23,5,1,17.41535,78.3708,17.42744,78.50562,14.366663963669778,0.21778587597139082,0.644,0.754,0.642,19,0.371,0.483,0
CASE_10002,UPI Fraud,Other,2236.76,23,5,1,17.41535,78.3708,17.45813,78.37688,4.80044805387331,0.4545223124451594,0.669,0.744,0.567,24,0.371,0.483,0
CASE_10003,Account Takeover,UPI,108721.03,17,1,0,17.33276,78.49948,17.35147,78.47739,3.1345855716019018,0.5606492430228004,0.781,0.8,0.224,27,0.49,0.732,1
CASE_10003,Account Takeover,UPI,108721.03,17,1,0,17.33276,78.49948,17.44948,78.44085,14.39273907691894,0.21747712416687315,0.672,0.864,0.251,25,0.49,0.732,0
CASE_10003,Account Takeover,UPI,108721.03,17,1,0,17.33276,78.49948,17.47959,78.36207,21.888996317383306,0.15450579663121888,0.488,0.564,0.901,13,0.49,0.732,0
CASE_10003,Account Takeover,UPI,108721.03,17,1,0,17.33276,78.49948,17.43566,78.36262,18.488814547500418,0.17786620061948047,0.857,0.99,0.663,32,0.49,0.732,0
CASE_10003,Account Takeover,UPI,108721.03,17,1,0,17.33276,78.49948,17.46673,78.36389,20.70991424947802,0.1618783440369283,0.523,0.619,0.751,18,0.49,0.732,0
CASE_10004,UPI Fraud,UPI,2000.0,13,6,0,17.475,78.46981,17.47084,78.46262,0.8919270626904277,0.817673679255575,0.872,0.924,0.549,24,0.423,0.737,1
CASE_10004,UPI Fraud,UPI,2000.0,13,6,0,17.475,78.46981,17.49498,78.39794,7.939509585254631,0.3350221356612524,0.75,0.67,0.647,25,0.423,0.737,0
CASE_10004,UPI Fraud,UPI,2000.0,13,6,0,17.475,78.46981,17.41818,78.48472,6.513059233291716,0.38047916512571295,0.876,0.773,0.627,28,0.423,0.737,0
CASE_10004,UPI Fraud,UPI,2000.0,13,6,0,17.475,78.46981,17.36061,78.52412,13.963867861508145,0.2226691952333356,0.927,0.941,0.774,32,0.423,0.737,0
CASE_10004,UPI Fraud,UPI,2000.0,13,6,0,17.475,78.46981,17.35521,78.47589,13.335651261375803,0.2307383749067498,0.855,0.661,0.782,27,0.423,0.737,0
CASE_10005,UPI Fraud,ATM,50890.36,7,5,0,17.44469,78.51681,17.45022,78.50523,1.3737061675347675,0.7443652249105077,0.95,0.961,0.676,33,0.401,0.754,1
CASE_10005,UPI Fraud,ATM,50890.36,7,5,0,17.44469,78.51681,17.35729,78.54128,10.059293542438775,0.2845093167679993,0.891,0.785,0.746,32,0.401,0.754,0
CASE_10005,UPI Fraud,ATM,50890.36,7,5,0,17.44469,78.51681,17.43423,78.42973,9.310706651092211,0.3005099657629206,0.609,0.731,0.342,25,0.401,0.754,0
CASE_10005,UPI Fraud,ATM,50890.36,7,5,0,17.44469,78.51681,17.42178,78.44946,7.585541521417425,0.3452579227829329,0.735,0.705,0.59,28,0.401,0.754,0
CASE_10005,UPI Fraud,ATM,50890.36,7,5,0,17.44469,78.51681,17.43233,78.46595,5.567741893920808,0.4180714785524824,0.752,0.53,0.578,22,0.401,0.754,0
CASE_10006,Phishing,POS,83505.35,15,1,0,17.43428,78.36037,17.43566,78.36262,0.28376324300716393,0.9337584205965676,0.857,0.99,0.663,32,0.619,0.381,1
CASE_10006,Phishing,POS,83505.35,15,1,0,17.43428,78.36037,17.39856,78.45265,10.565631817750063,0.274619051892105,0.834,0.965,0.805,28,0.619,0.381,0
CASE_10006,Phishing,POS,83505.35,15,1,0,17.43428,78.36037,17.37166,78.46218,12.852187212282852,0.23735791381931529,0.636,0.636,0.897,15,0.619,0.381,0
CASE_10006,Phishing,POS,83505.35,15,1,0,17.43428,78.36037,17.4177,78.4204,6.630155705510552,0.37628799716700717,0.755,0.91,0.81,22,0.619,0.381,0
CASE_10006,Phishing,POS,83505.35,15,1,0,17.43428,78.36037,17.46135,78.34829,3.2714601635240967,0.5500958418317744,0.718,0.8,0.255,21,0.619,0.381,0
CASE_10007,UPI Fraud,UPI,46139.8,22,4,1,17.38161,78.49991,17.38417,78.49851,0.3210946792190629,0.9256913576174884,0.916,0.826,0.633,30,0.474,0.461,1
CASE_10007,UPI Fraud,UPI,46139.8,22,4,1,17.38161,78.49991,17.40226,78.43883,6.8760044118714925,0.36778212370288094,0.678,0.84,0.613,21,0.474,0.461,0
CASE_10007,UPI Fraud,UPI,46139.8,22,4,1,17.38161,78.49991,17.47084,78.46262,10.681558070053434,0.27245064733006513,0.872,0.924,0.549,24,0.474,0.461,0
CASE_10007,UPI Fraud,UPI,46139.8,22,4,1,17.38161,78.49991,17.38662,78.51943,2.1449872306709588,0.6509370727468946,0.746,0.831,0.606,29,0.474,0.461,0
CASE_10007,UPI Fraud,UPI,46139.8,22,4,1,17.38161,78.49991,17.48972,78.44241,13.480376365007142,0.2288280250079367,0.733,0.815,0.734,22,0.474,0.461,0
CASE_10008,UPI Fraud,UPI,36991.32,22,3,1,17.42909,78.48142,17.43645,78.47217,1.2777873806605244,0.7578933578600116,0.856,0.867,0.718,27,0.428,0.927,1
CASE_10008,UPI Fraud,UPI,36991.32,22,3,1,17.42909,78.48142,17.43423,78.42973,5.513408031080195,0.4204592073557704,0.609,0.731,0.342,25,0.428,0.927,0
CASE_10008,UPI Fraud,UPI,36991.32,22,3,1,17.42909,78.48142,17.37206,78.48155,6.341461668586952,0.38679251813603216,0.894,0.942,0.798,30,0.428,0.927,0
CASE_10008,UPI Fraud,UPI,36991.32,22,3,1,17.42909,78.48142,17.43566,78.36262,12.624395170054344,0.24061025734068403,0.857,0.99,0.663,32,0.428,0.927,0
CASE_10008,UPI Fraud,UPI,36991.32,22,3,1,17.42909,78.48142,17.44948,78.44085,4.86450136047505,0.45123801524078505,0.672,0.864,0.251,25,0.428,0.927,0
CASE_10009,UPI Fraud,UPI,4233.17,14,2,0,17.41769,78.4874,17.41818,78.48472,0.2895112618730895,0.93250716825332,0.876,0.773,0.627,28,0.36,0.581,1
CASE_10009,UPI Fraud,UPI,4233.17,14,2,0,17.41769,78.4874,17.48972,78.44241,9.32336835557588,0.3002243796949429,0.733,0.815,0.734,22,0.36,0.581,0
CASE_10009,UPI Fraud,UPI,4233.17,14,2,0,17.41769,78.4874,17.39933,78.4862,2.0455052686410444,0.6616485839072226,0.554,0.559,0.394,18,0.36,0.581,0
CASE_10009,UPI Fraud,UPI,4233.17,14,2,0,17.41769,78.4874,17.45129,78.43982,6.279896915414939,0.389108960227209,0.556,0.623,0.52,27,0.36,0.581,0
CASE_10009,UPI Fraud,UPI,4233.17,14,2,0,17.41769,78.4874,17.45924,78.45518,5.747065077788897,0.4103799418673208,0.45,0.599,0.531,15,0.36,0.581,0
CASE_10010,Card Fraud,POS,30186.35,13,0,0,17.35097,78.40603,17.36924,78.41655,2.3181155203370536,0.6331001684164539,0.7,0.721,0.408,23,0.429,0.74,1
CASE_10010,Card Fraud,POS,30186.35,13,0,0,17.35097,78.40603,17.45147,78.35098,12.60957864069071,0.2408248930650573,0.935,0.866,0.541,36,0.429,0.74,0
CASE_10010,Card Fraud,POS,30186.35,13,0,0,17.35097,78.40603,17.44759,78.44411,11.478336310876934,0.25842570672076176,0.695,0.679,0.375,25,0.429,0.74,0
CASE_10010,Card Fraud,POS,30186.35,13,0,0,17.35097,78.40603,17.46304,78.38084,12.745011364204766,0.2388771146820875,0.683,0.758,0.547,22,0.429,0.74,0
CASE_10010,Card Fraud,POS,30186.35,13,0,0,17.35097,78.40603,17.45129,78.43982,11.717091513250168,0.25450001335347777,0.556,0.623,0.52,27,0.429,0.74,0
CASE_10011,Phishing,ATM,36328.65,14,0,0,17.43151,78.47965,17.43207,78.45762,2.3379528185662712,0.6311186142444104,0.95,0.841,0.201,31,0.398,0.124,1
CASE_10011,Phishing,ATM,36328.65,14,0,0,17.43151,78.47965,17.50548,78.40905,11.123264399557652,0.2644931606245671,0.85,0.859,0.95,26,0.398,0.124,0
CASE_10011,Phishing,ATM,36328.65,14,0,0,17.43151,78.47965,17.37206,78.48155,6.613611769849411,0.3768745349592482,0.894,0.942,0.798,30,0.398,0.124,0
CASE_10011,Phishing,ATM,36328.65,14,0,0,17.43151,78.47965,17.40421,78.41603,7.4010429507741025,0.35084509524880003,0.892,0.877,0.653,24,0.398,0.124,0
CASE_10011,Phishing,ATM,36328.65,14,0,0,17.43151,78.47965,17.4837,78.3453,15.387233775974247,0.20632133734091687,0.791,0.836,0.648,31,0.398,0.124,0
CASE_10012,Card Fraud,UPI,32312.13,18,3,0,17.45796,78.37046,17.45669,78.3789,0.9063285170526577,0.8152735769929426,0.677,0.637,0.452,26,0.542,0.788,1
CASE_10012,Card Fraud,UPI,32312.13,18,3,0,17.45796,78.37046,17.43751,78.4502,8.759051366550647,0.3135029309848591,0.782,0.806,0.583,30,0.542,0.788,0
CASE_10012,Card Fraud,UPI,32312.13,18,3,0,17.45796,78.37046,17.43576,78.50111,14.077402878512483,0.2212707227294557,0.766,0.712,0.716,25,0.542,0.788,0
CASE_10012,Card Fraud,UPI,32312.13,18,3,0,17.45796,78.37046,17.44757,78.39254,2.611600948239621,0.6049971907431927,0.65,0.734,0.402,21,0.542,0.788,0
CASE_10012,Card Fraud,UPI,32312.13,18,3,0,17.45796,78.37046,17.42037,78.46312,10.681507054546104,0.27245159404540875,0.896,0.931,0.702,33,0.542,0.788,0
CASE_10013,UPI Fraud,UPI,57780.06,20,4,1,17.47181,78.52877,17.45022,78.50523,3.4638048860182,0.5359196899014766,0.95,0.961,0.676,33,0.49,0.748,1
CASE_10013,UPI Fraud,UPI,57780.06,20,4,1,17.47181,78.52877,17.43683,78.39236,14.983369025822068,0.21071075395305294,0.761,0.863,0.625,25,0.49,0.748,0
CASE_10013,UPI Fraud,UPI,57780.06,20,4,1,17.47181,78.52877,17.44948,78.44085,9.650686268786872,0.29302556085742326,0.672,0.864,0.251,25,0.49,0.748,0
CASE_10013,UPI Fraud,UPI,57780.06,20,4,1,17.47181,78.52877,17.37753,78.56329,11.10474591926892,0.26481743032150273,0.613,0.515,0.336,21,0.49,0.748,0
CASE_10013,UPI Fraud,UPI,57780.06,20,4,1,17.47181,78.52877,17.43931,78.3601,18.25288878219541,0.17975194318143584,0.664,0.631,0.747,19,0.49,0.748,0
CASE_10014,UPI Fraud,IMPS,71555.86,18,1,0,17.38897,78.44075,17.39492,78.45141,1.3104278798787778,0.7532349728646176,0.602,0.639,0.344,23,0.482,0.929,1
CASE_10014,UPI Fraud,IMPS,71555.86,18,1,0,17.38897,78.44075,17.37579,78.53535,10.145073130127475,0.2827839745473237,0.889,0.92,0.669,28,0.482,0.929,0
CASE_10014,UPI Fraud,IMPS,71555.86,18,1,0,17.38897,78.44075,17.4837,78.3453,14.61121822863761,0.21492413612372166,0.791,0.836,0.648,31,0.482,0.929,0
CASE_10014,UPI Fraud,IMPS,71555.86,18,1,0,17.38897,78.44075,17.43047,78.41054,5.618581946537857,0.415861716647304,0.534,0.784,0.738,20,0.482,0.929,0
CASE_10014,UPI Fraud,IMPS,71555.86,18,1,0,17.38897,78.44075,17.35147,78.47739,5.70147560354582,0.41230841198405205,0.781,0.8,0.224,27,0.482,0.929,0
CASE_10015,Other Financial Fraud,UPI,53272.29,17,0,0,17.40237,78.44639,17.40498,78.45026,0.5028314805832367,0.8883299357856256,0.688,0.987,0.434,19,0.678,0.459,1
CASE_10015,Other Financial Fraud,UPI,53272.29,17,0,0,17.40237,78.44639,17.43751,78.4502,3.9282426277437117,0.5045254273630062,0.782,0.806,0.583,30,0.678,0.459,0
CASE_10015,Other Financial Fraud,UPI,53272.29,17,0,0,17.40237,78.44639,17.43233,78.46595,3.92490599534427,0.5047378482911877,0.752,0.53,0.578,22,0.678,0.459,0
CASE_10015,Other Financial Fraud,UPI,53272.29,17,0,0,17.40237,78.44639,17.45669,78.3789,9.367403759099352,0.2992353692673607,0.677,0.637,0.452,26,0.678,0.459,0
CASE_10015,Other Financial Fraud,UPI,53272.29,17,0,0,17.40237,78.44639,17.34386,78.50981,9.360813241594672,0.2993829737509737,0.682,0.761,0.743,22,0.678,0.459,0
CASE_10016,UPI Fraud,UPI,82146.71,22,1,1,17.40007,78.44965,17.39856,78.45265,0.3598892615953122,0.9174544948273236,0.834,0.965,0.805,28,0.685,0.167,1
CASE_10016,UPI Fraud,UPI,82146.71,22,1,1,17.40007,78.44965,17.41896,78.46688,2.7846035470047856,0.5895701896636082,0.498,0.736,0.903,19,0.685,0.167,0
CASE_10016,UPI Fraud,UPI,82146.71,22,1,1,17.40007,78.44965,17.39563,78.47756,3.002343015318658,0.5712373688705923,0.688,0.807,0.95,24,0.685,0.167,0
CASE_10016,UPI Fraud,UPI,82146.71,22,1,1,17.40007,78.44965,17.37166,78.46218,3.4274584399495907,0.5385422257612992,0.636,0.636,0.897,15,0.685,0.167,0
CASE_10016,UPI Fraud,UPI,82146.71,22,1,1,17.40007,78.44965,17.3625,78.49585,6.441123287664082,0.38310054290096324,0.727,0.847,0.566,16,0.685,0.167,0
CASE_10017,Phishing,ATM,48845.55,21,1,1,17.38883,78.45384,17.39856,78.45265,1.0892702553053284,0.7859672996988489,0.834,0.965,0.805,28,0.342,0.1,1
CASE_10017,Phishing,ATM,48845.55,21,1,1,17.38883,78.45384,17.42037,78.46312,3.642690265280614,0.5233759136061409,0.896,0.931,0.702,33,0.342,0.1,0
CASE_10017,Phishing,ATM,48845.55,21,1,1,17.38883,78.45384,17.39933,78.4862,3.6267922344592676,0.5244668894908734,0.554,0.559,0.394,18,0.342,0.1,0
CASE_10017,Phishing,ATM,48845.55,21,1,1,17.38883,78.45384,17.43501,78.49089,6.466897818433308,0.3821571653212836,0.835,0.823,0.529,30,0.342,0.1,0
CASE_10017,Phishing,ATM,48845.55,21,1,1,17.38883,78.45384,17.36061,78.52412,8.091440714126383,0.3308125222271334,0.927,0.941,0.774,32,0.342,0.1,0
CASE_10018,UPI Fraud,NEFT,41863.64,12,1,0,17.42475,78.40046,17.42601,78.38894,1.2301835441462445,0.7647915156776672,0.685,0.731,0.526,17,0.334,0.249,1
CASE_10018,UPI Fraud,NEFT,41863.64,12,1,0,17.42475,78.40046,17.44759,78.44411,5.281368959381569,0.43097090714800385,0.695,0.679,0.375,25,0.334,0.249,0
CASE_10018,UPI Fraud,NEFT,41863.64,12,1,0,17.42475,78.40046,17.33877,78.53292,16.999506781527145,0.19048066421820542,0.839,0.811,0.736,30,0.334,0.249,0
CASE_10018,UPI Fraud,NEFT,41863.64,12,1,0,17.42475,78.40046,17.40498,78.45026,5.722755711123905,0.41140599628802343,0.688,0.987,0.434,19,0.334,0.249,0
CASE_10018,UPI Fraud,NEFT,41863.64,12,1,0,17.42475,78.40046,17.42186,78.39999,0.32519896128819437,0.924812947520144,0.539,0.72,0.83,14,0.334,0.249,0
CASE_10019,UPI Fraud,UPI,53741.25,3,1,1,17.33958,78.43045,17.36793,78.46137,4.550459870601336,0.4678110956058657,0.95,0.969,0.891,36,0.557,0.86,1
CASE_10019,UPI Fraud,UPI,53741.25,3,1,1,17.33958,78.43045,17.40491,78.39305,8.277915620910738,0.32578819756567867,0.835,0.944,0.757,35,0.557,0.86,0
CASE_10019,UPI Fraud,UPI,53741.25,3,1,1,17.33958,78.43045,17.48507,78.37561,17.192279884872683,0.18874797906266094,0.533,0.719,0.943,24,0.557,0.86,0
CASE_10019,UPI Fraud,UPI,53741.25,3,1,1,17.33958,78.43045,17.33877,78.53292,10.87673569991513,0.26887618901657434,0.839,0.811,0.736,30,0.557,0.86,0
CASE_10019,UPI Fraud,UPI,53741.25,3,1,1,17.33958,78.43045,17.37579,78.53535,11.838875668766132,0.25254317816812594,0.889,0.92,0.669,28,0.557,0.86,0
CASE_10020,UPI Fraud,UPI,87567.41,14,3,0,17.40664,78.50999,17.39157,78.53247,2.9150649591707456,0.5784472052854989,0.678,0.718,0.124,28,0.679,0.155,1
CASE_10020,UPI Fraud,UPI,87567.41,14,3,0,17.40664,78.50999,17.3995,78.45764,5.611044037259703,0.4161878755828153,0.668,0.744,0.686,26,0.679,0.155,0
CASE_10020,UPI Fraud,UPI,87567.41,14,3,0,17.40664,78.50999,17.4837,78.3453,19.458587749586847,0.17051324839750628,0.791,0.836,0.648,31,0.679,0.155,0
CASE_10020,UPI Fraud,UPI,87567.41,14,3,0,17.40664,78.50999,17.45813,78.37688,15.237886936773693,0.20792304337509657,0.669,0.744,0.567,24,0.679,0.155,0
CASE_10020,UPI Fraud,UPI,87567.41,14,3,0,17.40664,78.50999,17.39492,78.45141,6.3508507519035575,0.3864416651224911,0.602,0.639,0.344,23,0.679,0.155,0
CASE_10021,Card Fraud,UPI,35749.22,8,6,0,17.41582,78.3835,17.41244,78.38452,0.39110933044219726,0.9109315434870278,0.72,0.781,0.685,23,0.355,0.83,1
CASE_10021,Card Fraud,UPI,35749.22,8,6,0,17.41582,78.3835,17.45022,78.50523,13.468616624686886,0.22898207030012585,0.95,0.961,0.676,33,0.355,0.83,0
CASE_10021,Card Fraud,UPI,35749.22,8,6,0,17.41582,78.3835,17.4177,78.4204,3.9205547366701903,0.5050151325236096,0.755,0.91,0.81,22,0.355,0.83,0
CASE_10021,Card Fraud,UPI,35749.22,8,6,0,17.41582,78.3835,17.43207,78.45762,8.068525410944272,0.33144065772713405,0.95,0.841,0.201,31,0.355,0.83,0
CASE_10021,Card Fraud,UPI,35749.22,8,6,0,17.41582,78.3835,17.43751,78.4502,7.476004490365659,0.3485533665796386,0.782,0.806,0.583,30,0.355,0.83,0
CASE_10022,UPI Fraud,UPI,35658.45,20,3,1,17.38717,78.42865,17.40421,78.41603,2.3201949308282726,0.6328918718138007,0.892,0.877,0.653,24,0.204,0.427,1
CASE_10022,UPI Fraud,UPI,35658.45,20,3,1,17.38717,78.42865,17.45129,78.43982,7.227637613878809,0.35626372506496684,0.556,0.623,0.52,27,0.204,0.427,0
CASE_10022,UPI Fraud,UPI,35658.45,20,3,1,17.38717,78.42865,17.50548,78.40905,13.318759546195928,0.23096342375621248,0.85,0.859,0.95,26,0.204,0.427,0
CASE_10022,UPI Fraud,UPI,35658.45,20,3,1,17.38717,78.42865,17.45454,78.46212,8.290211434495752,0.3254622608666385,0.721,0.814,0.95,25,0.204,0.427,0
CASE_10022,UPI Fraud,UPI,35658.45,20,3,1,17.38717,78.42865,17.39728,78.40857,2.4090909549306416,0.6241134707134589,0.794,0.9,0.369,29,0.204,0.427,0
CASE_10023,Phishing,UPI,61068.67,21,5,1,17.39915,78.46273,17.39856,78.45265,1.0715722232256946,0.7887100535967251,0.834,0.965,0.805,28,0.468,0.374,1
CASE_10023,Phishing,UPI,61068.67,21,5,1,17.39915,78.46273,17.36793,78.46137,3.4745041236495737,0.5351525577922782,0.95,0.969,0.891,36,0.468,0.374,0
CASE_10023,Phishing,UPI,61068.67,21,5,1,17.39915,78.46273,17.46179,78.38469,10.819408242111654,0.2699163107359022,0.707,0.763,0.429,21,0.468,0.374,0
CASE_10023,Phishing,UPI,61068.67,21,5,1,17.39915,78.46273,17.44948,78.44085,6.0587627224081855,0.397663222643585,0.672,0.864,0.251,25,0.468,0.374,0
CASE_10023,Phishing,UPI,61068.67,21,5,1,17.39915,78.46273,17.41317,78.53574,7.901895783395895,0.33608091288955183,0.519,0.472,0.287,18,0.468,0.374,0
CASE_10024,UPI Fraud,IMPS,28126.65,13,3,0,17.39186,78.43787,17.39492,78.45141,1.4764775717316205,0.7303964907383398,0.602,0.639,0.344,23,0.329,0.333,1
CASE_10024,UPI Fraud,IMPS,28126.65,13,3,0,17.39186,78.43787,17.45147,78.35098,11.354108907708056,0.26051658380460774,0.935,0.866,0.541,36,0.329,0.333,0
CASE_10024,UPI Fraud,IMPS,28126.65,13,3,0,17.39186,78.43787,17.44757,78.39254,7.842401665020028,0.3377693235836749,0.65,0.734,0.402,21,0.329,0.333,0
CASE_10024,UPI Fraud,IMPS,28126.65,13,3,0,17.39186,78.43787,17.43317,78.41066,5.42535384329127,0.42438725023009083,0.647,0.653,0.651,21,0.329,0.333,0
CASE_10024,UPI Fraud,IMPS,28126.65,13,3,0,17.39186,78.43787,17.40226,78.43883,1.1609049229563577,0.7750578744838902,0.678,0.84,0.613,21,0.329,0.333,0
CASE_10025,Account Takeover,UPI,93675.96,17,0,0,17.38518,78.50149,17.38417,78.49851,0.3355751944872593,0.9225996137919721,0.916,0.826,0.633,30,0.454,0.523,1
CASE_10025,Account Takeover,UPI,93675.96,17,0,0,17.38518,78.50149,17.38223,78.44992,5.482231471186852,0.4218416321257908,0.739,0.727,0.775,30,0.454,0.523,0
CASE_10025,Account Takeover,UPI,93675.96,17,0,0,17.38518,78.50149,17.45147,78.35098,17.58768666559918,0.18529081239511208,0.935,0.866,0.541,36,0.454,0.523,0
CASE_10025,Account Takeover,UPI,93675.96,17,0,0,17.38518,78.50149,17.39157,78.53247,3.363304927093727,0.5432343274664284,0.678,0.718,0.124,28,0.454,0.523,0
CASE_10025,Account Takeover,UPI,93675.96,17,0,0,17.38518,78.50149,17.46304,78.38084,15.453049545755606,0.20562328752577236,0.683,0.758,0.547,22,0.454,0.523,0
CASE_10026,Card Fraud,UPI,55187.1,9,1,0,17.39281,78.39525,17.39728,78.40857,1.4982293472682866,0.7275069385723861,0.794,0.9,0.369,29,0.702,0.1,1
CASE_10026,Card Fraud,UPI,55187.1,9,1,0,17.39281,78.39525,17.39933,78.4862,9.677803905205973,0.29244460790065435,0.554,0.559,0.394,18,0.702,0.1,0
CASE_10026,Card Fraud,UPI,55187.1,9,1,0,17.39281,78.39525,17.39563,78.47756,8.739544255982226,0.3139829745574833,0.688,0.807,0.95,24,0.702,0.1,0
CASE_10026,Card Fraud,UPI,55187.1,9,1,0,17.39281,78.39525,17.42427,78.35543,5.485228072608069,0.4217083626646159,0.82,0.99,0.869,27,0.702,0.1,0
CASE_10026,Card Fraud,UPI,55187.1,9,1,0,17.39281,78.39525,17.37206,78.48155,9.444071353910399,0.29752891774384577,0.894,0.942,0.798,30,0.702,0.1,0
CASE_10027,UPI Fraud,UPI,48271.85,20,0,1,17.37676,78.37323,17.40491,78.39305,3.771068275830438,0.5147297460300011,0.835,0.944,0.757,35,0.495,0.441,1
CASE_10027,UPI Fraud,UPI,48271.85,20,0,1,17.37676,78.37323,17.45813,78.37688,9.05621461006245,0.3063675130552153,0.669,0.744,0.567,24,0.495,0.441,0
CASE_10027,UPI Fraud,UPI,48271.85,20,0,1,17.37676,78.37323,17.40421,78.41603,5.47199149285275,0.4222976765781797,0.892,0.877,0.653,24,0.495,0.441,0
CASE_10027,UPI Fraud,UPI,48271.85,20,0,1,17.37676,78.37323,17.46304,78.38084,9.627811416522178,0.29351741653472346,0.683,0.758,0.547,22,0.495,0.441,0
CASE_10027,UPI Fraud,UPI,48271.85,20,0,1,17.37676,78.37323,17.43423,78.42973,8.76213735521021,0.3134271234251353,0.609,0.731,0.342,25,0.495,0.441,0
CASE_10028,UPI Fraud,POS,48838.72,11,1,0,17.41641,78.54039,17.41317,78.53574,0.610897607940351,0.8675100468749655,0.519,0.472,0.287,18,0.474,0.762,1
CASE_10028,UPI Fraud,POS,48838.72,11,1,0,17.41641,78.54039,17.42601,78.38894,16.103410901365496,0.19897121038939244,0.685,0.731,0.526,17,0.474,0.762,0
CASE_10028,UPI Fraud,POS,48838.72,11,1,0,17.41641,78.54039,17.36924,78.41655,14.148867392703368,0.2203994284297969,0.7,0.721,0.408,23,0.474,0.762,0
CASE_10028,UPI Fraud,POS,48838.72,11,1,0,17.41641,78.54039,17.43233,78.46595,8.093493500579392,0.33075636910115036,0.752,0.53,0.578,22,0.474,0.762,0
CASE_10028,UPI Fraud,POS,48838.72,11,1,0,17.41641,78.54039,17.43645,78.47217,7.5728242474793666,0.34563732365254096,0.856,0.867,0.718,27,0.474,0.762,0
CASE_10029,UPI Fraud,IMPS,25854.75,15,3,0,17.40845,78.43626,17.40432,78.43299,0.5755656386846717,0.8742088554432522,0.581,0.56,0.44,21,0.464,0.416,1
CASE_10029,UPI Fraud,IMPS,25854.75,15,3,0,17.40845,78.43626,17.39157,78.53247,10.3796418771558,0.27817104446492474,0.678,0.718,0.124,28,0.464,0.416,0
CASE_10029,UPI Fraud,IMPS,25854.75,15,3,0,17.40845,78.43626,17.375,78.48299,6.198553851609779,0.3922124703365296,0.639,0.86,0.13,24,0.464,0.416,0
CASE_10029,UPI Fraud,IMPS,25854.75,15,3,0,17.40845,78.43626,17.39933,78.4862,5.395021630073238,0.42575740189847955,0.554,0.559,0.394,18,0.464,0.416,0
CASE_10029,UPI Fraud,IMPS,25854.75,15,3,0,17.40845,78.43626,17.43501,78.49089,6.5049883988686545,0.380771481901949,0.835,0.823,0.529,30,0.464,0.416,0
CASE_10030,UPI Fraud,ATM,85163.68,19,4,0,17.36961,78.36838,17.39728,78.40857,5.258812466601934,0.432020846564142,0.794,0.9,0.369,29,0.52,0.634,1
CASE_10030,UPI Fraud,ATM,85163.68,19,4,0,17.36961,78.36838,17.45129,78.43982,11.829784413327337,0.2526882170696108,0.556,0.623,0.52,27,0.52,0.634,0
CASE_10030,UPI Fraud,ATM,85163.68,19,4,0,17.36961,78.36838,17.43751,78.4502,11.505330276020242,0.2579758011466674,0.782,0.806,0.583,30,0.52,0.634,0
CASE_10030,UPI Fraud,ATM,85163.68,19,4,0,17.36961,78.36838,17.43969,78.34535,8.166684972627218,0.32876662862556705,0.798,0.777,0.447,29,0.52,0.634,0
CASE_10030,UPI Fraud,ATM,85163.68,19,4,0,17.36961,78.36838,17.45669,78.3789,9.746973016348552,0.2909731469788302,0.677,0.637,0.452,26,0.52,0.634,0
CASE_10031,Phishing,POS,3000.0,15,6,0,17.37574,78.51096,17.38417,78.49851,1.61992794916025,0.711752897223121,0.916,0.826,0.633,30,0.376,0.626,1
CASE_10031,Phishing,POS,3000.0,15,6,0,17.37574,78.51096,17.41896,78.46688,6.706177251020527,0.3736160822126044,0.498,0.736,0.903,19,0.376,0.626,0
CASE_10031,Phishing,POS,3000.0,15,6,0,17.37574,78.51096,17.40498,78.45026,7.215115008613336,0.3566615230363625,0.688,0.987,0.434,19,0.376,0.626,0
CASE_10031,Phishing,POS,3000.0,15,6,0,17.37574,78.51096,17.43969,78.34535,18.955888254600133,0.17424723258959232,0.798,0.777,0.447,29,0.376,0.626,0
CASE_10031,Phishing,POS,3000.0,15,6,0,17.37574,78.51096,17.44926,78.38584,15.590423358224053,0.20418139653530262,0.789,0.801,0.538,24,0.376,0.626,0
CASE_10032,UPI Fraud,UPI,76568.56,19,1,0,17.44946,78.44076,17.44948,78.44085,0.009802611978802264,0.9975553380234932,0.672,0.864,0.251,25,0.313,0.815,1
CASE_10032,UPI Fraud,UPI,76568.56,19,1,0,17.44946,78.44076,17.39678,78.56042,13.981389409523018,0.2224522203985852,0.655,0.674,0.223,23,0.313,0.815,0
CASE_10032,UPI Fraud,UPI,76568.56,19,1,0,17.44946,78.44076,17.43047,78.41054,3.838781559136604,0.5102833864961759,0.534,0.784,0.738,20,0.313,0.815,0
CASE_10032,UPI Fraud,UPI,76568.56,19,1,0,17.44946,78.44076,17.35493,78.51385,13.062553666981392,0.23443149707072283,0.675,0.762,0.727,22,0.313,0.815,0
CASE_10032,UPI Fraud,UPI,76568.56,19,1,0,17.44946,78.44076,17.45129,78.43982,0.22660423321689613,0.9463862191221943,0.556,0.623,0.52,27,0.313,0.815,0
CASE_10033,UPI Fraud,POS,84816.75,14,0,0,17.41087,78.45831,17.43207,78.45762,2.3584688314347684,0.6290822690244142,0.95,0.841,0.201,31,0.8,0.679,1
CASE_10033,UPI Fraud,POS,84816.75,14,0,0,17.41087,78.45831,17.48507,78.37561,12.043006388837044,0.249329826533215,0.533,0.719,0.943,24,0.8,0.679,0
CASE_10033,UPI Fraud,POS,84816.75,14,0,0,17.41087,78.45831,17.42744,78.50562,5.346867405732151,0.42795086592829173,0.644,0.754,0.642,19,0.8,0.679,0
CASE_10033,UPI Fraud,POS,84816.75,14,0,0,17.41087,78.45831,17.42392,78.5754,12.507311579362813,0.24231686551556575,0.549,0.719,0.816,15,0.8,0.679,0
CASE_10033,UPI Fraud,POS,84816.75,14,0,0,17.41087,78.45831,17.45813,78.37688,10.11146856479506,0.28345738656705793,0.669,0.744,0.567,24,0.8,0.679,0
CASE_10034,UPI Fraud,ATM,37119.93,22,3,1,17.39928,78.41063,17.40421,78.41603,0.7929745847225972,0.8345548112752005,0.892,0.877,0.653,24,0.367,0.347,1
CASE_10034,UPI Fraud,ATM,37119.93,22,3,1,17.39928,78.41063,17.43751,78.4502,5.974603636460423,0.4010184410114,0.782,0.806,0.583,30,0.367,0.347,0
CASE_10034,UPI Fraud,ATM,37119.93,22,3,1,17.39928,78.41063,17.42427,78.35543,6.482482816378274,0.38158898708140315,0.82,0.99,0.869,27,0.367,0.347,0
CASE_10034,UPI Fraud,ATM,37119.93,22,3,1,17.39928,78.41063,17.43576,78.50111,10.421461387058685,0.2773644010578193,0.766,0.712,0.716,25,0.367,0.347,0
CASE_10034,UPI Fraud,ATM,37119.93,22,3,1,17.39928,78.41063,17.4837,78.3453,11.6682163387214,0.25529389647975836,0.791,0.836,0.648,31,0.367,0.347,0
CASE_10035,Card Fraud,NEFT,39600.22,17,6,0,17.36882,78.57018,17.37753,78.56329,1.2135216661958177,0.7672357105439449,0.613,0.515,0.336,21,0.415,0.302,1
CASE_10035,Card Fraud,NEFT,39600.22,17,6,0,17.36882,78.57018,17.38417,78.49851,7.794813318251055,0.33913211613196803,0.916,0.826,0.633,30,0.415,0.302,0
CASE_10035,Card Fraud,NEFT,39600.22,17,6,0,17.36882,78.57018,17.36061,78.52412,4.972731835972204,0.4457951126950843,0.927,0.941,0.774,32,0.415,0.302,0
CASE_10035,Card Fraud,NEFT,39600.22,17,6,0,17.36882,78.57018,17.40421,78.41603,16.824243313206463,0.1920838101936339,0.892,0.877,0.653,24,0.415,0.302,0
CASE_10035,Card Fraud,NEFT,39600.22,17,6,0,17.36882,78.57018,17.49096,78.37111,25.109229965978866,0.13741345974025976,0.738,0.802,0.698,29,0.415,0.302,0
CASE_10036,Account Takeover,UPI,106238.16,17,6,0,17.41313,78.53546,17.41317,78.53574,0.030038847175325133,0.9925462636181834,0.519,0.472,0.287,18,0.17,0.63,1
CASE_10036,Account Takeover,UPI,106238.16,17,6,0,17.41313,78.53546,17.35147,78.47739,9.21853607883978,0.30260536992467696,0.781,0.8,0.224,27,0.17,0.63,0
CASE_10036,Account Takeover,UPI,106238.16,17,6,0,17.41313,78.53546,17.40498,78.45026,9.085152867013603,0.30568997096576617,0.688,0.987,0.434,19,0.17,0.63,0
CASE_10036,Account Takeover,UPI,106238.16,17,6,0,17.41313,78.53546,17.36924,78.41655,13.52869056955894,0.22819730795787838,0.7,0.721,0.408,23,0.17,0.63,0
CASE_10036,Account Takeover,UPI,106238.16,17,6,0,17.41313,78.53546,17.39492,78.45141,9.145055143259867,0.304296935722708,0.602,0.639,0.344,23,0.17,0.63,0
CASE_10037,Phishing,POS,49846.87,18,2,0,17.45469,78.36148,17.45147,78.35098,1.1699317068891302,0.7737046109661078,0.935,0.866,0.541,36,0.382,0.351,1
CASE_10037,Phishing,POS,49846.87,18,2,0,17.45469,78.36148,17.40421,78.41603,8.062173356664225,0.3316151975041912,0.892,0.877,0.653,24,0.382,0.351,0
CASE_10037,Phishing,POS,49846.87,18,2,0,17.45469,78.36148,17.43207,78.45762,10.504251974830735,0.27578119898504316,0.95,0.841,0.201,31,0.382,0.351,0
CASE_10037,Phishing,POS,49846.87,18,2,0,17.45469,78.36148,17.40226,78.43883,10.066177974868568,0.2843700689090261,0.678,0.84,0.613,21,0.382,0.351,0
CASE_10037,Phishing,POS,49846.87,18,2,0,17.45469,78.36148,17.44948,78.44085,8.439192710767118,0.3215642761557733,0.672,0.864,0.251,25,0.382,0.351,0
CASE_10038,Card Fraud,ATM,47568.73,11,4,0,17.47298,78.38206,17.46179,78.38469,1.2751581063809871,0.7582711113741751,0.707,0.763,0.429,21,0.442,0.1,1
CASE_10038,Card Fraud,ATM,47568.73,11,4,0,17.47298,78.38206,17.44948,78.44085,6.7612779089538035,0.3717030666657018,0.672,0.864,0.251,25,0.442,0.1,0
CASE_10038,Card Fraud,ATM,47568.73,11,4,0,17.47298,78.38206,17.43645,78.47217,10.385691687081806,0.2780540614249335,0.856,0.867,0.718,27,0.442,0.1,0
CASE_10038,Card Fraud,ATM,47568.73,11,4,0,17.47298,78.38206,17.44926,78.38584,2.667844939059314,0.5998939742237485,0.789,0.801,0.538,24,0.442,0.1,0
CASE_10038,Card Fraud,ATM,47568.73,11,4,0,17.47298,78.38206,17.42601,78.38894,5.273569930964139,0.4313333516410044,0.685,0.731,0.526,17,0.442,0.1,0
CASE_10039,Other Financial Fraud,POS,34634.24,17,4,0,17.402,78.49943,17.38417,78.49851,1.985007495958489,0.6683366733794552,0.916,0.826,0.633,30,0.486,0.619,1
CASE_10039,Other Financial Fraud,POS,34634.24,17,4,0,17.402,78.49943,17.45669,78.3789,14.159397976375805,0.22027161942283213,0.677,0.637,0.452,26,0.486,0.619,0
CASE_10039,Other Financial Fraud,POS,34634.24,17,4,0,17.402,78.49943,17.4837,78.3453,18.704690766037242,0.17617504863723538,0.791,0.836,0.648,31,0.486,0.619,0
CASE_10039,Other Financial Fraud,POS,34634.24,17,4,0,17.402,78.49943,17.33877,78.53292,7.878100308068995,0.336754185960421,0.839,0.811,0.736,30,0.486,0.619,0
CASE_10039,Other Financial Fraud,POS,34634.24,17,4,0,17.402,78.49943,17.45454,78.46212,7.056815814513058,0.361767806130011,0.721,0.814,0.95,25,0.486,0.619,0
CASE_10040,Card Fraud,IMPS,6791.04,22,0,1,17.46888,78.43923,17.47084,78.46262,2.4904397076085134,0.6162910650430881,0.872,0.924,0.549,24,0.173,0.776,1
CASE_10040,Card Fraud,IMPS,6791.04,22,0,1,17.46888,78.43923,17.43576,78.50111,7.52654844903028,0.3470249587452623,0.766,0.712,0.716,25,0.173,0.776,0
CASE_10040,Card Fraud,IMPS,6791.04,22,0,1,17.46888,78.43923,17.37166,78.46218,11.08118885318868,0.2652310795215765,0.636,0.636,0.897,15,0.173,0.776,0
CASE_10040,Card Fraud,IMPS,6791.04,22,0,1,17.46888,78.43923,17.43931,78.3601,9.014761946160354,0.30734330881711514,0.664,0.631,0.747,19,0.173,0.776,0
CASE_10040,Card Fraud,IMPS,6791.04,22,0,1,17.46888,78.43923,17.34386,78.50981,15.790361782748246,0.2021185890339256,0.682,0.761,0.743,22,0.173,0.776,0
CASE_10041,Phishing,ATM,52893.39,17,1,0,17.2965,78.43793,17.35147,78.47739,7.409893050335334,0.3505729617581683,0.781,0.8,0.224,27,0.378,0.627,1
CASE_10041,Phishing,ATM,52893.39,17,1,0,17.2965,78.43793,17.38223,78.44992,9.617315904092044,0.29374364435490463,0.739,0.727,0.775,30,0.378,0.627,0
CASE_10041,Phishing,ATM,52893.39,17,1,0,17.2965,78.43793,17.46673,78.36389,20.49457041282477,0.1633014963146974,0.523,0.619,0.751,18,0.378,0.627,0
CASE_10041,Phishing,ATM,52893.39,17,1,0,17.2965,78.43793,17.43576,78.50111,16.874335798046374,0.19162286353438654,0.766,0.712,0.716,25,0.378,0.627,0
CASE_10041,Phishing,ATM,52893.39,17,1,0,17.2965,78.43793,17.39492,78.45141,11.036932698186794,0.2660116980162007,0.602,0.639,0.344,23,0.378,0.627,0
CASE_10042,Account Takeover,UPI,130859.95,20,4,1,17.44227,78.32675,17.45147,78.35098,2.766402550225148,0.5911560789221596,0.935,0.866,0.541,36,0.453,0.29,1
CASE_10042,Account Takeover,UPI,130859.95,20,4,1,17.44227,78.32675,17.375,78.48299,18.186788799364386,0.18028746909577978,0.639,0.86,0.13,24,0.453,0.29,0
CASE_10042,Account Takeover,UPI,130859.95,20,4,1,17.44227,78.32675,17.45129,78.43982,12.036270474096678,0.24943455565065353,0.556,0.623,0.52,27,0.453,0.29,0
CASE_10042,Account Takeover,UPI,130859.95,20,4,1,17.44227,78.32675,17.49096,78.37111,7.172930810765927,0.35800812407660404,0.738,0.802,0.698,29,0.453,0.29,0
CASE_10042,Account Takeover,UPI,130859.95,20,4,1,17.44227,78.32675,17.43702,78.38717,6.4361037422059715,0.3832848061698632,0.796,0.69,0.432,30,0.453,0.29,0
CASE_10043,Account Takeover,UPI,118770.82,13,2,0,17.45739,78.47154,17.43207,78.45762,3.1791925221584902,0.5571657240914001,0.95,0.841,0.201,31,0.439,0.726,1
CASE_10043,Account Takeover,UPI,118770.82,13,2,0,17.45739,78.47154,17.50548,78.40905,8.515867406412266,0.3195943093764861,0.85,0.859,0.95,26,0.439,0.726,0
CASE_10043,Account Takeover,UPI,118770.82,13,2,0,17.45739,78.47154,17.45022,78.50523,3.661533630047551,0.5220886826512794,0.95,0.961,0.676,33,0.439,0.726,0
CASE_10043,Account Takeover,UPI,118770.82,13,2,0,17.45739,78.47154,17.39157,78.53247,9.764815541720012,0.290595975505544,0.678,0.718,0.124,28,0.439,0.726,0
CASE_10043,Account Takeover,UPI,118770.82,13,2,0,17.45739,78.47154,17.40226,78.43883,7.044233819361702,0.3621799452477708,0.678,0.84,0.613,21,0.439,0.726,0
CASE_10044,UPI Fraud,UPI,60372.8,5,3,1,17.43379,78.37946,17.43566,78.36262,1.7985571275176198,0.6898267813931863,0.857,0.99,0.663,32,0.513,0.702,1
CASE_10044,UPI Fraud,UPI,60372.8,5,3,1,17.43379,78.37946,17.50457,78.35661,8.235093111171889,0.3269284478389128,0.45,0.753,0.608,24,0.513,0.702,0
CASE_10044,UPI Fraud,UPI,60372.8,5,3,1,17.43379,78.37946,17.46135,78.34829,4.5082359457602905,0.47013270735553897,0.718,0.8,0.255,21,0.513,0.702,0
CASE_10044,UPI Fraud,UPI,60372.8,5,3,1,17.43379,78.37946,17.46179,78.38469,3.1625014341031785,0.5584641115678662,0.707,0.763,0.429,21,0.513,0.702,0
CASE_10044,UPI Fraud,UPI,60372.8,5,3,1,17.43379,78.37946,17.43047,78.41054,3.3178178757507815,0.5466110345892715,0.534,0.784,0.738,20,0.513,0.702,0
CASE_10045,Card Fraud,ATM,9556.48,18,1,0,17.36345,78.42463,17.36924,78.41655,1.0722910547187114,0.7885982797219084,0.7,0.721,0.408,23,0.289,0.556,1
CASE_10045,Card Fraud,ATM,9556.48,18,1,0,17.36345,78.42463,17.43931,78.3601,10.8643898290848,0.2690995086911199,0.664,0.631,0.747,19,0.289,0.556,0
CASE_10045,Card Fraud,ATM,9556.48,18,1,0,17.36345,78.42463,17.39933,78.4862,7.655463368813146,0.3431866990979452,0.554,0.559,0.394,18,0.289,0.556,0
CASE_10045,Card Fraud,ATM,9556.48,18,1,0,17.36345,78.42463,17.47084,78.46262,12.603121026130163,0.24091855945064541,0.872,0.924,0.549,24,0.289,0.556,0
CASE_10045,Card Fraud,ATM,9556.48,18,1,0,17.36345,78.42463,17.43423,78.42973,7.888958946572844,0.336446615551066,0.609,0.731,0.342,25,0.289,0.556,0
CASE_10046,Card Fraud,NEFT,49611.66,14,3,0,17.51644,78.43658,17.48862,78.42182,3.466901833156652,0.5356974136499381,0.82,0.99,0.683,32,0.561,0.495,1
CASE_10046,Card Fraud,NEFT,49611.66,14,3,0,17.51644,78.43658,17.48972,78.44241,3.0347718159659145,0.568604086193914,0.733,0.815,0.734,22,0.561,0.495,0
CASE_10046,Card Fraud,NEFT,49611.66,14,3,0,17.51644,78.43658,17.49088,78.36618,7.988360034510449,0.3336569796440337,0.811,0.893,0.701,26,0.561,0.495,0
CASE_10046,Card Fraud,NEFT,49611.66,14,3,0,17.51644,78.43658,17.40491,78.39305,13.233226630802994,0.23210975435385525,0.835,0.944,0.757,35,0.561,0.495,0
CASE_10046,Card Fraud,NEFT,49611.66,14,3,0,17.51644,78.43658,17.36924,78.41655,16.50523484762707,0.19507213790642797,0.7,0.721,0.408,23,0.561,0.495,0
CASE_10047,Phishing,UPI,75095.76,15,2,0,17.43796,78.49509,17.43501,78.49089,0.5532840932472313,0.8784868060247368,0.835,0.823,0.529,30,0.516,0.934,1
CASE_10047,Phishing,UPI,75095.76,15,2,0,17.43796,78.49509,17.40491,78.39305,11.432616339167392,0.2591913070402815,0.835,0.944,0.757,35,0.516,0.934,0
CASE_10047,Phishing,UPI,75095.76,15,2,0,17.43796,78.49509,17.43751,78.4502,4.762407771296645,0.4564955323242264,0.782,0.806,0.583,30,0.516,0.934,0
CASE_10047,Phishing,UPI,75095.76,15,2,0,17.43796,78.49509,17.49096,78.37111,14.410618788184987,0.21726591843653836,0.738,0.802,0.698,29,0.516,0.934,0
CASE_10047,Phishing,UPI,75095.76,15,2,0,17.43796,78.49509,17.44926,78.38584,11.657301587081962,0.25547186261649296,0.789,0.801,0.538,24,0.516,0.934,0
CASE_10048,Account Takeover,UPI,84216.17,9,4,0,17.45457,78.39014,17.44926,78.38584,0.7461092616403641,0.8427955994037752,0.789,0.801,0.538,24,0.634,0.57,1
CASE_10048,Account Takeover,UPI,84216.17,9,4,0,17.45457,78.39014,17.38223,78.44992,10.24351733716212,0.2808295103881244,0.739,0.727,0.775,30,0.634,0.57,0
CASE_10048,Account Takeover,UPI,84216.17,9,4,0,17.45457,78.39014,17.45743,78.44959,6.314120903303248,0.38781783125297103,0.604,0.765,0.846,23,0.634,0.57,0
CASE_10048,Account Takeover,UPI,84216.17,9,4,0,17.45457,78.39014,17.40963,78.44677,7.8143619528928365,0.3385709711577416,0.745,0.694,0.652,29,0.634,0.57,0
CASE_10048,Account Takeover,UPI,84216.17,9,4,0,17.45457,78.39014,17.35147,78.47739,14.735398181182937,0.21349959906469645,0.781,0.8,0.224,27,0.634,0.57,0
CASE_10049,Card Fraud,POS,17196.54,7,4,0,17.41527,78.3656,17.42427,78.35543,1.471640180734394,0.7310422227843073,0.82,0.99,0.869,27,0.485,0.545,1
CASE_10049,Card Fraud,POS,17196.54,7,4,0,17.41527,78.3656,17.43207,78.45762,9.939792098762675,0.28694832545996496,0.95,0.841,0.201,31,0.485,0.545,0
CASE_10049,Card Fraud,POS,17196.54,7,4,0,17.41527,78.3656,17.50457,78.35661,9.975390017383022,0.2862174146857209,0.45,0.753,0.608,24,0.485,0.545,0
CASE_10049,Card Fraud,POS,17196.54,7,4,0,17.41527,78.3656,17.46673,78.36389,5.724965600504454,0.41131250888872156,0.523,0.619,0.751,18,0.485,0.545,0
CASE_10049,Card Fraud,POS,17196.54,7,4,0,17.41527,78.3656,17.3625,78.49585,15.015228535503637,0.210357713688875,0.727,0.847,0.566,16,0.485,0.545,0
CASE_10050,UPI Fraud,UPI,49016.25,17,4,0,17.4398,78.3974,17.43702,78.38717,1.1284098994159948,0.7799688555424374,0.796,0.69,0.432,30,0.581,0.136,1
CASE_10050,UPI Fraud,UPI,49016.25,17,4,0,17.4398,78.3974,17.45454,78.46212,7.058383240515522,0.3617165288090999,0.721,0.814,0.95,25,0.581,0.136,0
CASE_10050,UPI Fraud,UPI,49016.25,17,4,0,17.4398,78.3974,17.40421,78.41603,4.423561961310002,0.4748585002843541,0.892,0.877,0.653,24,0.581,0.136,0
CASE_10050,UPI Fraud,UPI,49016.25,17,4,0,17.4398,78.3974,17.41276,78.41203,3.3836930344302707,0.5417343301445415,0.706,0.888,0.663,27,0.581,0.136,0
CASE_10050,UPI Fraud,UPI,49016.25,17,4,0,17.4398,78.3974,17.35521,78.47589,12.563244831272073,0.24149857354326124,0.855,0.661,0.782,27,0.581,0.136,0
CASE_10051,Phishing,POS,72173.36,17,2,0,17.42787,78.4328,17.43207,78.45762,2.6742308605236924,0.5993199941073271,0.95,0.841,0.201,31,0.532,0.513,1
CASE_10051,Phishing,POS,72173.36,17,2,0,17.42787,78.4328,17.46179,78.38469,6.3460281828173875,0.38662179624091614,0.707,0.763,0.429,21,0.532,0.513,0
CASE_10051,Phishing,POS,72173.36,17,2,0,17.42787,78.4328,17.43047,78.41054,2.3791883418366213,0.6270390190185805,0.534,0.784,0.738,20,0.532,0.513,0
CASE_10051,Phishing,POS,72173.36,17,2,0,17.42787,78.4328,17.43702,78.38717,4.946554283667253,0.44709950592960274,0.796,0.69,0.432,30,0.532,0.513,0
CASE_10051,Phishing,POS,72173.36,17,2,0,17.42787,78.4328,17.3748,78.46142,6.636641602578255,0.3760585483138235,0.66,0.811,0.903,22,0.532,0.513,0
CASE_10052,UPI Fraud,UPI,85866.66,16,2,0,17.45487,78.50193,17.45022,78.50523,0.6244062981951828,0.8649759000546996,0.95,0.961,0.676,33,0.474,0.788,1
CASE_10052,UPI Fraud,UPI,85866.66,16,2,0,17.45487,78.50193,17.36061,78.52412,10.74241570664868,0.2713259536017588,0.927,0.941,0.774,32,0.474,0.788,0
CASE_10052,UPI Fraud,UPI,85866.66,16,2,0,17.45487,78.50193,17.44948,78.44085,6.506805375942497,0.38070563381318806,0.672,0.864,0.251,25,0.474,0.788,0
CASE_10052,UPI Fraud,UPI,85866.66,16,2,0,17.45487,78.50193,17.42037,78.46312,5.627393995385859,0.4154810743091109,0.896,0.931,0.702,33,0.474,0.788,0
CASE_10052,UPI Fraud,UPI,85866.66,16,2,0,17.45487,78.50193,17.39157,78.53247,7.748586627525674,0.34046648561354864,0.678,0.718,0.124,28,0.474,0.788,0
CASE_10053,Card Fraud,POS,18459.36,22,0,1,17.42882,78.39265,17.43683,78.39236,0.8912025506042062,0.8177947976220864,0.761,0.863,0.625,25,0.356,0.736,1
CASE_10053,Card Fraud,POS,18459.36,22,0,1,17.42882,78.39265,17.46179,78.38469,3.7620839938810775,0.5153255238094868,0.707,0.763,0.429,21,0.356,0.736,0
CASE_10053,Card Fraud,POS,18459.36,22,0,1,17.42882,78.39265,17.41896,78.46688,7.951221174113347,0.33469383100901046,0.498,0.736,0.903,19,0.356,0.736,0
CASE_10053,Card Fraud,POS,18459.36,22,0,1,17.42882,78.39265,17.49498,78.39794,7.378024225307244,0.3515548851709346,0.75,0.67,0.647,25,0.356,0.736,0
CASE_10053,Card Fraud,POS,18459.36,22,0,1,17.42882,78.39265,17.40226,78.43883,5.720855018982759,0.41148643737498936,0.678,0.84,0.613,21,0.356,0.736,0
CASE_10054,UPI Fraud,UPI,61048.68,7,2,0,17.39784,78.38487,17.40491,78.39305,1.1710505489925649,0.7735372072081734,0.835,0.944,0.757,35,0.477,0.347,1
CASE_10054,UPI Fraud,UPI,61048.68,7,2,0,17.39784,78.38487,17.43317,78.41066,4.787521068560443,0.45519094279170513,0.647,0.653,0.651,21,0.477,0.347,0
CASE_10054,UPI Fraud,UPI,61048.68,7,2,0,17.39784,78.38487,17.4177,78.4204,4.369003965519381,0.477954128887996,0.755,0.91,0.81,22,0.477,0.347,0
CASE_10054,UPI Fraud,UPI,61048.68,7,2,0,17.39784,78.38487,17.50548,78.40905,12.240766613460591,0.24629379235612803,0.85,0.859,0.95,26,0.477,0.347,0
CASE_10054,UPI Fraud,UPI,61048.68,7,2,0,17.39784,78.38487,17.40421,78.41603,3.3812864987915945,0.5419109528745224,0.892,0.877,0.653,24,0.477,0.347,0
CASE_10055,Phishing,UPI,102921.92,10,0,0,17.43901,78.57896,17.42392,78.5754,1.7199104994396013,0.699311641395769,0.549,0.719,0.816,15,0.657,0.1,1
CASE_10055,Phishing,UPI,102921.92,10,0,0,17.43901,78.57896,17.37206,78.48155,12.737501132521746,0.23898430048364944,0.894,0.942,0.798,30,0.657,0.1,0
CASE_10055,Phishing,UPI,102921.92,10,0,0,17.43901,78.57896,17.46673,78.36389,23.02103590877575,0.14803281463760984,0.523,0.619,0.751,18,0.657,0.1,0
CASE_10055,Phishing,UPI,102921.92,10,0,0,17.43901,78.57896,17.34386,78.50981,12.875606262528281,0.2370285213919613,0.682,0.761,0.743,22,0.657,0.1,0
CASE_10055,Phishing,UPI,102921.92,10,0,0,17.43901,78.57896,17.42601,78.38894,20.21056391670476,0.1652171347087082,0.685,0.731,0.526,17,0.657,0.1,0
CASE_10056,Card Fraud,IMPS,12658.87,13,6,0,17.32306,78.53947,17.33877,78.53292,1.8801464085668864,0.680255170886958,0.839,0.811,0.736,30,0.32,0.377,1
CASE_10056,Card Fraud,IMPS,12658.87,13,6,0,17.32306,78.53947,17.35147,78.47739,7.307478117932051,0.35374819727986645,0.781,0.8,0.224,27,0.32,0.377,0
CASE_10056,Card Fraud,IMPS,12658.87,13,6,0,17.32306,78.53947,17.43645,78.47217,14.49056330603971,0.21632656257116029,0.856,0.867,0.718,27,0.32,0.377,0
CASE_10056,Card Fraud,IMPS,12658.87,13,6,0,17.32306,78.53947,17.49088,78.36618,26.19707893834058,0.13246314347714228,0.811,0.893,0.701,26,0.32,0.377,0
CASE_10056,Card Fraud,IMPS,12658.87,13,6,0,17.32306,78.53947,17.3625,78.49585,6.377153338512605,0.3854621657323736,0.727,0.847,0.566,16,0.32,0.377,0
CASE_10057,UPI Fraud,ATM,53333.76,9,6,0,17.41665,78.44508,17.43207,78.45762,2.170231958048333,0.6482738456505636,0.95,0.841,0.201,31,0.436,0.777,1
CASE_10057,UPI Fraud,ATM,53333.76,9,6,0,17.41665,78.44508,17.42178,78.44946,0.7357546878621776,0.8446383446026184,0.735,0.705,0.59,28,0.436,0.777,0
CASE_10057,UPI Fraud,ATM,53333.76,9,6,0,17.41665,78.44508,17.44757,78.39254,6.548956216326845,0.37918443474143104,0.65,0.734,0.402,21,0.436,0.777,0
CASE_10057,UPI Fraud,ATM,53333.76,9,6,0,17.41665,78.44508,17.45771,78.36601,9.550198913533938,0.2951986185239539,0.627,0.638,0.723,23,0.436,0.777,0
CASE_10057,UPI Fraud,ATM,53333.76,9,6,0,17.41665,78.44508,17.43953,78.35044,10.357708486454085,0.2785959893094248,0.642,0.89,0.832,22,0.436,0.777,0
CASE_10058,Card Fraud,NEFT,34209.57,12,3,0,17.46242,78.45929,17.46599,78.46047,0.4162299872352513,0.9057499295919076,0.806,0.961,0.642,25,0.282,0.51,1
CASE_10058,Card Fraud,NEFT,34209.57,12,3,0,17.46242,78.45929,17.43969,78.34535,12.347852852456027,0.2446804504604443,0.798,0.777,0.447,29,0.282,0.51,0
CASE_10058,Card Fraud,NEFT,34209.57,12,3,0,17.46242,78.45929,17.45129,78.43982,2.4076804868788235,0.6242508514884451,0.556,0.623,0.52,27,0.282,0.51,0
CASE_10058,Card Fraud,NEFT,34209.57,12,3,0,17.46242,78.45929,17.39157,78.53247,11.060789200772824,0.26559033173339586,0.678,0.718,0.124,28,0.282,0.51,0
CASE_10058,Card Fraud,NEFT,34209.57,12,3,0,17.46242,78.45929,17.37206,78.48155,10.321405741921726,0.2793021908660244,0.894,0.942,0.798,30,0.282,0.51,0
CASE_10059,UPI Fraud,UPI,46156.05,22,6,1,17.33394,78.34079,17.36793,78.46137,13.344201456255421,0.23062462749228194,0.95,0.969,0.891,36,0.644,0.298,1
CASE_10059,UPI Fraud,UPI,46156.05,22,6,1,17.33394,78.34079,17.41896,78.46688,16.383456620460095,0.19623757022569768,0.498,0.736,0.903,19,0.644,0.298,0
CASE_10059,UPI Fraud,UPI,46156.05,22,6,1,17.33394,78.34079,17.45669,78.3789,14.235609814886523,0.21935104121029314,0.677,0.637,0.452,26,0.644,0.298,0
CASE_10059,UPI Fraud,UPI,46156.05,22,6,1,17.33394,78.34079,17.375,78.48299,15.767607281713847,0.20235124782655034,0.639,0.86,0.13,24,0.644,0.298,0
CASE_10059,UPI Fraud,UPI,46156.05,22,6,1,17.33394,78.34079,17.36924,78.41655,8.947680739646628,0.30893563723360457,0.7,0.721,0.408,23,0.644,0.298,0
CASE_10060,UPI Fraud,IMPS,48576.43,6,2,0,17.39255,78.57901,17.39678,78.56042,2.0278827311636074,0.6635829159914413,0.655,0.674,0.223,23,0.254,0.532,1
CASE_10060,UPI Fraud,IMPS,48576.43,6,2,0,17.39255,78.57901,17.40963,78.44677,14.159412861280668,0.22027143887062356,0.745,0.694,0.652,29,0.254,0.532,0
CASE_10060,UPI Fraud,IMPS,48576.43,6,2,0,17.39255,78.57901,17.43953,78.35044,24.80694852435226,0.13885538749855986,0.642,0.89,0.832,22,0.254,0.532,0
CASE_10060,UPI Fraud,IMPS,48576.43,6,2,0,17.39255,78.57901,17.42178,78.44946,14.124623629075407,0.22069423795279394,0.735,0.705,0.59,28,0.254,0.532,0
CASE_10060,UPI Fraud,IMPS,48576.43,6,2,0,17.39255,78.57901,17.40823,78.54179,4.317030239898732,0.48094089892941216,0.748,0.807,0.588,32,0.254,0.532,0
CASE_10061,UPI Fraud,UPI,31582.02,21,5,1,17.3945,78.47394,17.39563,78.47756,0.4041454210296942,0.908235223319396,0.688,0.807,0.95,24,0.338,0.769,1
CASE_10061,UPI Fraud,UPI,31582.02,21,5,1,17.3945,78.47394,17.48972,78.44241,11.103730815935638,0.2648352283781224,0.733,0.815,0.734,22,0.338,0.769,0
CASE_10061,UPI Fraud,UPI,31582.02,21,5,1,17.3945,78.47394,17.35147,78.47739,4.798704908155959,0.4546123596317227,0.781,0.8,0.224,27,0.338,0.769,0
CASE_10061,UPI Fraud,UPI,31582.02,21,5,1,17.3945,78.47394,17.45129,78.43982,7.278730192870222,0.35464985256306375,0.556,0.623,0.52,27,0.338,0.769,0
CASE_10061,UPI Fraud,UPI,31582.02,21,5,1,17.3945,78.47394,17.37579,78.53535,6.840584958546451,0.36898377857797227,0.889,0.92,0.669,28,0.338,0.769,0
CASE_10062,Card Fraud,UPI,27664.1,9,6,0,17.40889,78.44862,17.40963,78.44677,0.21283667017064756,0.9494790121635487,0.745,0.694,0.652,29,0.446,0.247,1
CASE_10062,Card Fraud,UPI,27664.1,9,6,0,17.40889,78.44862,17.37206,78.48155,5.383448215287723,0.42628252516842485,0.894,0.942,0.798,30,0.446,0.247,0
CASE_10062,Card Fraud,UPI,27664.1,9,6,0,17.40889,78.44862,17.45669,78.3789,9.10810879891345,0.3051546230934218,0.677,0.637,0.452,26,0.446,0.247,0
CASE_10062,Card Fraud,UPI,27664.1,9,6,0,17.40889,78.44862,17.36924,78.41655,5.569463698039541,0.41799625623946557,0.7,0.721,0.408,23,0.446,0.247,0
CASE_10062,Card Fraud,UPI,27664.1,9,6,0,17.40889,78.44862,17.43702,78.38717,7.230967619626331,0.35615809211397986,0.796,0.69,0.432,30,0.446,0.247,0
CASE_10063,Card Fraud,NEFT,25146.35,17,5,0,17.47644,78.22703,17.45147,78.35098,13.437300004311776,0.22939331198126472,0.935,0.866,0.541,36,0.162,0.497,1
CASE_10063,Card Fraud,NEFT,25146.35,17,5,0,17.47644,78.22703,17.45129,78.43982,22.743129235428864,0.1495711277759098,0.556,0.623,0.52,27,0.162,0.497,0
CASE_10063,Card Fraud,NEFT,25146.35,17,5,0,17.47644,78.22703,17.43953,78.35044,13.718774946177632,0.22574924125117898,0.642,0.89,0.832,22,0.162,0.497,0
CASE_10063,Card Fraud,NEFT,25146.35,17,5,0,17.47644,78.22703,17.43931,78.3601,14.706564694269513,0.21382867808033948,0.664,0.631,0.747,19,0.162,0.497,0
CASE_10063,Card Fraud,NEFT,25146.35,17,5,0,17.47644,78.22703,17.35147,78.47739,29.978053625979197,0.11772304688287528,0.781,0.8,0.224,27,0.162,0.497,0
CASE_10064,Phishing,NEFT,88729.4,14,4,0,17.42555,78.50022,17.43501,78.49089,1.4443781933843933,0.7347028178278476,0.835,0.823,0.529,30,0.682,0.566,1
CASE_10064,Phishing,NEFT,88729.4,14,4,0,17.42555,78.50022,17.43931,78.3601,14.94356390667187,0.21115350942972305,0.664,0.631,0.747,19,0.682,0.566,0
CASE_10064,Phishing,NEFT,88729.4,14,4,0,17.42555,78.50022,17.4837,78.3453,17.659463035285494,0.1846767850838956,0.791,0.836,0.648,31,0.682,0.566,0
CASE_10064,Phishing,NEFT,88729.4,14,4,0,17.42555,78.50022,17.40823,78.54179,4.812600104618033,0.4538955532435762,0.748,0.807,0.588,32,0.682,0.566,0
CASE_10064,Phishing,NEFT,88729.4,14,4,0,17.42555,78.50022,17.44759,78.44411,6.437221052998117,0.383243775300801,0.695,0.679,0.375,25,0.682,0.566,0
CASE_10065,UPI Fraud,UPI,53076.14,15,4,0,17.4312,78.40159,17.43702,78.38717,1.661027771328836,0.7065854755665796,0.796,0.69,0.432,30,0.367,0.814,1
CASE_10065,UPI Fraud,UPI,53076.14,15,4,0,17.4312,78.40159,17.43953,78.35044,5.504792694448931,0.42084032009831357,0.642,0.89,0.832,22,0.367,0.814,0
CASE_10065,UPI Fraud,UPI,53076.14,15,4,0,17.4312,78.40159,17.48862,78.42182,6.735757910252176,0.3725866430147588,0.82,0.99,0.683,32,0.367,0.814,0
CASE_10065,UPI Fraud,UPI,53076.14,15,4,0,17.4312,78.40159,17.49578,78.38923,7.299663421037524,0.3539928448269412,0.696,0.695,0.432,25,0.367,0.814,0
CASE_10065,UPI Fraud,UPI,53076.14,15,4,0,17.4312,78.40159,17.3995,78.45764,6.912956312100607,0.3665367921948594,0.668,0.744,0.686,26,0.367,0.814,0
CASE_10066,UPI Fraud,POS,79569.15,17,0,0,17.38414,78.43153,17.39728,78.40857,2.8408689802840112,0.5847210363958664,0.794,0.9,0.369,29,0.433,0.458,1
CASE_10066,UPI Fraud,POS,79569.15,17,0,0,17.38414,78.43153,17.40326,78.46372,4.023310354301863,0.4985473356213022,0.608,0.618,0.805,18,0.433,0.458,0
CASE_10066,UPI Fraud,POS,79569.15,17,0,0,17.38414,78.43153,17.41276,78.41203,3.7958962029332306,0.5130904639924513,0.706,0.888,0.663,27,0.433,0.458,0
CASE_10066,UPI Fraud,POS,79569.15,17,0,0,17.38414,78.43153,17.45151,78.38368,9.049369393742538,0.30652822211608854,0.685,0.656,0.642,28,0.433,0.458,0
CASE_10066,UPI Fraud,POS,79569.15,17,0,0,17.38414,78.43153,17.37166,78.46218,3.53622830471781,0.5307694828586775,0.636,0.636,0.897,15,0.433,0.458,0
CASE_10067,Card Fraud,UPI,31860.88,0,6,1,17.38354,78.4606,17.36793,78.46137,1.7376751167000326,0.6971464780844129,0.95,0.969,0.891,36,0.361,0.428,1
CASE_10067,Card Fraud,UPI,31860.88,0,6,1,17.38354,78.4606,17.37206,78.48155,2.5636179492577247,0.6094199922852545,0.894,0.942,0.798,30,0.361,0.428,0
CASE_10067,Card Fraud,UPI,31860.88,0,6,1,17.38354,78.4606,17.48862,78.42182,12.387467929981936,0.24408895975208836,0.82,0.99,0.683,32,0.361,0.428,0
CASE_10067,Card Fraud,UPI,31860.88,0,6,1,17.38354,78.4606,17.44757,78.39254,10.14074128282832,0.28287060204243775,0.65,0.734,0.402,21,0.361,0.428,0
CASE_10067,Card Fraud,UPI,31860.88,0,6,1,17.38354,78.4606,17.35147,78.47739,3.986412989203876,0.5008506328695055,0.781,0.8,0.224,27,0.361,0.428,0
CASE_10068,UPI Fraud,UPI,21636.12,12,4,0,17.41264,78.38247,17.41244,78.38452,0.21863774890068557,0.9481733768305517,0.72,0.781,0.685,23,0.411,0.769,1
CASE_10068,UPI Fraud,UPI,21636.12,12,4,0,17.41264,78.38247,17.47084,78.46262,10.685200279750266,0.2723830743742518,0.872,0.924,0.549,24,0.411,0.769,0
CASE_10068,UPI Fraud,UPI,21636.12,12,4,0,17.41264,78.38247,17.36793,78.46137,9.737085223469016,0.2911825860384291,0.95,0.969,0.891,36,0.411,0.769,0
CASE_10068,UPI Fraud,UPI,21636.12,12,4,0,17.41264,78.38247,17.50548,78.40905,10.70141664253216,0.27208262286967216,0.85,0.859,0.95,26,0.411,0.769,0
CASE_10068,UPI Fraud,UPI,21636.12,12,4,0,17.41264,78.38247,17.44926,78.38584,4.087623206747184,0.4945828827266531,0.789,0.801,0.538,24,0.411,0.769,0
CASE_10069,UPI Fraud,IMPS,87817.79,21,2,1,17.38635,78.4672,17.36793,78.46137,2.139609888576635,0.6515071922472476,0.95,0.969,0.891,36,0.747,0.615,1
CASE_10069,UPI Fraud,IMPS,87817.79,21,2,1,17.38635,78.4672,17.38662,78.51943,5.542442878796676,0.4191798736241856,0.746,0.831,0.606,29,0.747,0.615,0
CASE_10069,UPI Fraud,IMPS,87817.79,21,2,1,17.38635,78.4672,17.43207,78.45762,5.184449869249656,0.43551873622745235,0.95,0.841,0.201,31,0.747,0.615,0
CASE_10069,UPI Fraud,IMPS,87817.79,21,2,1,17.38635,78.4672,17.41244,78.38452,9.24015859317965,0.3021111848358451,0.72,0.781,0.685,23,0.747,0.615,0
CASE_10069,UPI Fraud,IMPS,87817.79,21,2,1,17.38635,78.4672,17.36924,78.41655,5.701739020052263,0.4122972172032775,0.7,0.721,0.408,23,0.747,0.615,0
CASE_10070,Card Fraud,ATM,20335.94,7,1,0,17.39387,78.43912,17.40226,78.43883,0.9334327705306619,0.8107944682845535,0.678,0.84,0.613,21,0.227,0.95,1
CASE_10070,Card Fraud,ATM,20335.94,7,1,0,17.39387,78.43912,17.49088,78.36618,13.275188412691756,0.23154595506821074,0.811,0.893,0.701,26,0.227,0.95,0
CASE_10070,Card Fraud,ATM,20335.94,7,1,0,17.39387,78.43912,17.45022,78.50523,9.405051567399509,0.29839497296137396,0.95,0.961,0.676,33,0.227,0.95,0
CASE_10070,Card Fraud,ATM,20335.94,7,1,0,17.39387,78.43912,17.49498,78.39794,12.061767263500734,0.24903859795613686,0.75,0.67,0.647,25,0.227,0.95,0
CASE_10070,Card Fraud,ATM,20335.94,7,1,0,17.39387,78.43912,17.43207,78.45762,4.679232487689968,0.46087024465277626,0.95,0.841,0.201,31,0.227,0.95,0
CASE_10071,UPI Fraud,UPI,33233.14,14,4,0,17.45667,78.43485,17.44948,78.44085,1.0218912260102455,0.7965126722145056,0.672,0.864,0.251,25,0.448,0.732,1
CASE_10071,UPI Fraud,UPI,33233.14,14,4,0,17.45667,78.43485,17.49578,78.38923,6.505694322710093,0.3807458961901476,0.696,0.695,0.432,25,0.448,0.732,0
CASE_10071,UPI Fraud,UPI,33233.14,14,4,0,17.45667,78.43485,17.37579,78.53535,13.949078842955823,0.22285266196653952,0.889,0.92,0.669,28,0.448,0.732,0
CASE_10071,UPI Fraud,UPI,33233.14,14,4,0,17.45667,78.43485,17.45022,78.50523,7.499973399660249,0.34782689150552076,0.95,0.961,0.676,33,0.448,0.732,0
CASE_10071,UPI Fraud,UPI,33233.14,14,4,0,17.45667,78.43485,17.38223,78.44992,8.430354294753782,0.3217929195862258,0.739,0.727,0.775,30,0.448,0.732,0
CASE_10072,Card Fraud,ATM,20413.08,8,5,0,17.48924,78.44309,17.48972,78.44241,0.08971967406248459,0.9780621457672275,0.733,0.815,0.734,22,0.276,0.377,1
CASE_10072,Card Fraud,ATM,20413.08,8,5,0,17.48924,78.44309,17.42186,78.39999,8.77702581348931,0.3130619017594072,0.539,0.72,0.83,14,0.276,0.377,0
CASE_10072,Card Fraud,ATM,20413.08,8,5,0,17.48924,78.44309,17.41317,78.53574,12.966802836794212,0.23575449296349452,0.519,0.472,0.287,18,0.276,0.377,0
CASE_10072,Card Fraud,ATM,20413.08,8,5,0,17.48924,78.44309,17.43233,78.46595,6.776761893924963,0.3711690059938009,0.752,0.53,0.578,22,0.276,0.377,0
CASE_10072,Card Fraud,ATM,20413.08,8,5,0,17.48924,78.44309,17.44759,78.44411,4.632532182049067,0.4633634622663564,0.695,0.679,0.375,25,0.276,0.377,0
CASE_10073,Account Takeover,UPI,105613.16,11,5,0,17.41067,78.4494,17.40963,78.44677,0.30205859780850886,0.9297874282878482,0.745,0.694,0.652,29,0.394,0.1,1
CASE_10073,Account Takeover,UPI,105613.16,11,5,0,17.41067,78.4494,17.43683,78.39236,6.714356212041966,0.373330876894345,0.761,0.863,0.625,25,0.394,0.1,0
CASE_10073,Account Takeover,UPI,105613.16,11,5,0,17.41067,78.4494,17.45151,78.38368,8.320654972722634,0.3246580647583929,0.685,0.656,0.642,28,0.394,0.1,0
CASE_10073,Account Takeover,UPI,105613.16,11,5,0,17.41067,78.4494,17.45846,78.45064,5.315633512535083,0.4293857196740956,0.677,0.805,0.595,23,0.394,0.1,0
CASE_10073,Account Takeover,UPI,105613.16,11,5,0,17.41067,78.4494,17.39728,78.40857,4.5809541795712905,0.4661486259328613,0.794,0.9,0.369,29,0.394,0.1,0
CASE_10074,UPI Fraud,POS,79414.31,23,3,1,17.48552,78.44599,17.48972,78.44241,0.6018828236904995,0.8692094417111175,0.733,0.815,0.734,22,0.516,0.337,1
CASE_10074,UPI Fraud,POS,79414.31,23,3,1,17.48552,78.44599,17.46599,78.46047,2.6598210533827076,0.6006167384885348,0.806,0.961,0.642,25,0.516,0.337,0
CASE_10074,UPI Fraud,POS,79414.31,23,3,1,17.48552,78.44599,17.39157,78.53247,13.903245027635418,0.2234231835527921,0.678,0.718,0.124,28,0.516,0.337,0
CASE_10074,UPI Fraud,POS,79414.31,23,3,1,17.48552,78.44599,17.40421,78.41603,9.583588487225864,0.2944729961277639,0.892,0.877,0.653,24,0.516,0.337,0
CASE_10074,UPI Fraud,POS,79414.31,23,3,1,17.48552,78.44599,17.40823,78.54179,13.309237510968499,0.23109047972016583,0.748,0.807,0.588,32,0.516,0.337,0
CASE_10075,Phishing,POS,87987.53,21,4,1,17.36175,78.49577,17.3625,78.49585,0.08382726515764215,0.9794733568011462,0.727,0.847,0.566,16,0.544,0.355,1
CASE_10075,Phishing,POS,87987.53,21,4,1,17.36175,78.49577,17.42178,78.44946,8.288766608223224,0.3255005264176257,0.735,0.705,0.59,28,0.544,0.355,0
CASE_10075,Phishing,POS,87987.53,21,4,1,17.36175,78.49577,17.43751,78.4502,9.713185080357507,0.2916900761245847,0.782,0.806,0.583,30,0.544,0.355,0
CASE_10075,Phishing,POS,87987.53,21,4,1,17.36175,78.49577,17.39678,78.56042,7.8892166635199406,0.33643932255632336,0.655,0.674,0.223,23,0.544,0.355,0
CASE_10075,Phishing,POS,87987.53,21,4,1,17.36175,78.49577,17.38417,78.49851,2.509890570193362,0.6144496527045599,0.916,0.826,0.633,30,0.544,0.355,0
CASE_10076,Account Takeover,UPI,104300.26,16,4,0,17.37048,78.39583,17.36924,78.41655,2.203211304540162,0.6448273005100407,0.7,0.721,0.408,23,0.518,0.397,1
CASE_10076,Account Takeover,UPI,104300.26,16,4,0,17.37048,78.39583,17.39157,78.53247,14.688335485939158,0.2140372535055112,0.678,0.718,0.124,28,0.518,0.397,0
CASE_10076,Account Takeover,UPI,104300.26,16,4,0,17.37048,78.39583,17.44926,78.38584,8.823829950744665,0.3119192951999277,0.789,0.801,0.538,24,0.518,0.397,0
CASE_10076,Account Takeover,UPI,104300.26,16,4,0,17.37048,78.39583,17.37206,78.48155,9.098589303224168,0.3053763964502204,0.894,0.942,0.798,30,0.518,0.397,0
CASE_10076,Account Takeover,UPI,104300.26,16,4,0,17.37048,78.39583,17.39492,78.45141,6.493950103610969,0.38117200487008224,0.602,0.639,0.344,23,0.518,0.397,0
CASE_10077,UPI Fraud,POS,26433.52,11,0,0,17.42179,78.50134,17.41818,78.48472,1.8084138230979216,0.6886561670405565,0.876,0.773,0.627,28,0.461,0.486,1
CASE_10077,UPI Fraud,POS,26433.52,11,0,0,17.42179,78.50134,17.35147,78.47739,8.221875400663329,0.32728201432841514,0.781,0.8,0.224,27,0.461,0.486,0
CASE_10077,UPI Fraud,POS,26433.52,11,0,0,17.42179,78.50134,17.42515,78.46117,4.278103431570562,0.4832024669738997,0.528,0.643,0.626,16,0.461,0.486,0
CASE_10077,UPI Fraud,POS,26433.52,11,0,0,17.42179,78.50134,17.47084,78.46262,6.827747294291299,0.36942125552827737,0.872,0.924,0.549,24,0.461,0.486,0
CASE_10077,UPI Fraud,POS,26433.52,11,0,0,17.42179,78.50134,17.45022,78.50523,3.1880932689616372,0.5564758066331857,0.95,0.961,0.676,33,0.461,0.486,0
CASE_10078,UPI Fraud,UPI,12872.8,12,6,0,17.3959,78.48833,17.38417,78.49851,1.6935546401638855,0.7025488034808537,0.916,0.826,0.633,30,0.316,0.873,1
CASE_10078,UPI Fraud,UPI,12872.8,12,6,0,17.3959,78.48833,17.43969,78.34535,15.931974312423062,0.20068257851942484,0.798,0.777,0.447,29,0.316,0.873,0
CASE_10078,UPI Fraud,UPI,12872.8,12,6,0,17.3959,78.48833,17.49716,78.36661,17.1318009950485,0.18928817287921934,0.654,0.696,0.471,26,0.316,0.873,0
CASE_10078,UPI Fraud,UPI,12872.8,12,6,0,17.3959,78.48833,17.44757,78.39254,11.674398570305454,0.25519320451489896,0.65,0.734,0.402,21,0.316,0.873,0
CASE_10078,UPI Fraud,UPI,12872.8,12,6,0,17.3959,78.48833,17.38662,78.51943,3.4576427516895603,0.5363625120141057,0.746,0.831,0.606,29,0.316,0.873,0
CASE_10079,Other Financial Fraud,IMPS,39559.4,12,4,0,17.34387,78.39434,17.36924,78.41655,3.6762026524441094,0.521090984840844,0.7,0.721,0.408,23,0.704,0.755,1
CASE_10079,Other Financial Fraud,IMPS,39559.4,12,4,0,17.34387,78.39434,17.45924,78.45518,14.36123483553597,0.21785027182695138,0.45,0.599,0.531,15,0.704,0.755,0
CASE_10079,Other Financial Fraud,IMPS,39559.4,12,4,0,17.34387,78.39434,17.40421,78.41603,7.093349579286663,0.3605763950203769,0.892,0.877,0.653,24,0.704,0.755,0
CASE_10079,Other Financial Fraud,IMPS,39559.4,12,4,0,17.34387,78.39434,17.45129,78.43982,12.882576862639178,0.23693065534633664,0.556,0.623,0.52,27,0.704,0.755,0
CASE_10079,Other Financial Fraud,IMPS,39559.4,12,4,0,17.34387,78.39434,17.43047,78.41054,9.781718957397683,0.29023955664492057,0.534,0.784,0.738,20,0.704,0.755,0
CASE_10080,Card Fraud,NEFT,80000.0,14,1,0,17.42909,78.51778,17.45022,78.50523,2.70053173395096,0.5969675480726968,0.95,0.961,0.676,33,0.702,0.369,1
CASE_10080,Card Fraud,NEFT,80000.0,14,1,0,17.42909,78.51778,17.49498,78.39794,14.671804284203281,0.21422675276133218,0.75,0.67,0.647,25,0.702,0.369,0
CASE_10080,Card Fraud,NEFT,80000.0,14,1,0,17.42909,78.51778,17.42744,78.50562,1.3030389714322568,0.7542844813225409,0.644,0.754,0.642,19,0.702,0.369,0
CASE_10080,Card Fraud,NEFT,80000.0,14,1,0,17.42909,78.51778,17.36924,78.41655,12.635791170010151,0.240445432328516,0.7,0.721,0.408,23,0.702,0.369,0
CASE_10080,Card Fraud,NEFT,80000.0,14,1,0,17.42909,78.51778,17.40326,78.46372,6.4145664526341575,0.3840774379031668,0.608,0.618,0.805,18,0.702,0.369,0
CASE_10081,Other Financial Fraud,POS,20268.6,19,2,0,17.40682,78.4193,17.40421,78.41603,0.45233510798991944,0.8984049724428461,0.892,0.877,0.653,24,0.23,0.391,1
CASE_10081,Other Financial Fraud,POS,20268.6,19,2,0,17.40682,78.4193,17.375,78.48299,7.6284492558487695,0.3439839579631065,0.639,0.86,0.13,24,0.23,0.391,0
CASE_10081,Other Financial Fraud,POS,20268.6,19,2,0,17.40682,78.4193,17.37206,78.48155,7.653247546324328,0.3432519547962131,0.894,0.942,0.798,30,0.23,0.391,0
CASE_10081,Other Financial Fraud,POS,20268.6,19,2,0,17.40682,78.4193,17.36924,78.41655,4.188882054162213,0.4884671648148718,0.7,0.721,0.408,23,0.23,0.391,0
CASE_10081,Other Financial Fraud,POS,20268.6,19,2,0,17.40682,78.4193,17.37166,78.46218,5.999057459808801,0.40003770516151094,0.636,0.636,0.897,15,0.23,0.391,0
CASE_10082,UPI Fraud,IMPS,65418.91,14,0,0,17.45753,78.48051,17.43207,78.45762,3.7297155244359987,0.5174834684866182,0.95,0.841,0.201,31,0.329,0.547,1
CASE_10082,UPI Fraud,IMPS,65418.91,14,0,0,17.45753,78.48051,17.49088,78.36618,12.680600629544841,0.2397995185446237,0.811,0.893,0.701,26,0.329,0.547,0
CASE_10082,UPI Fraud,IMPS,65418.91,14,0,0,17.45753,78.48051,17.46135,78.34829,14.031287601315704,0.221836625783071,0.718,0.8,0.255,21,0.329,0.547,0
CASE_10082,UPI Fraud,IMPS,65418.91,14,0,0,17.45753,78.48051,17.49578,78.38923,10.574415608551769,0.27445354293677043,0.696,0.695,0.432,25,0.329,0.547,0
CASE_10082,UPI Fraud,IMPS,65418.91,14,0,0,17.45753,78.48051,17.45743,78.44959,3.279804391419733,0.5494653132046459,0.604,0.765,0.846,23,0.329,0.547,0
CASE_10083,UPI Fraud,ATM,46311.41,12,1,0,17.41645,78.48006,17.41818,78.48472,0.5305154922484749,0.8829017375271832,0.876,0.773,0.627,28,0.587,0.858,1
CASE_10083,UPI Fraud,ATM,46311.41,12,1,0,17.41645,78.48006,17.45669,78.3789,11.627050282044616,0.25596641258625596,0.677,0.637,0.452,26,0.587,0.858,0
CASE_10083,UPI Fraud,ATM,46311.41,12,1,0,17.41645,78.48006,17.47084,78.46262,6.3245326824080506,0.38742673620623924,0.872,0.924,0.549,24,0.587,0.858,0
CASE_10083,UPI Fraud,ATM,46311.41,12,1,0,17.41645,78.48006,17.37753,78.56329,9.83477232185185,0.2891265506178262,0.613,0.515,0.336,21,0.587,0.858,0
CASE_10083,UPI Fraud,ATM,46311.41,12,1,0,17.41645,78.48006,17.45743,78.44959,5.586828516863482,0.41723913106027666,0.604,0.765,0.846,23,0.587,0.858,0
CASE_10084,UPI Fraud,IMPS,4815.71,15,2,0,17.35187,78.44583,17.35147,78.47739,3.349906229629593,0.5442246302238314,0.781,0.8,0.224,27,0.27,0.877,1
CASE_10084,UPI Fraud,IMPS,4815.71,15,2,0,17.35187,78.44583,17.4323,78.45075,8.958632716722683,0.3086745405507275,0.906,0.94,0.873,29,0.27,0.877,0
CASE_10084,UPI Fraud,IMPS,4815.71,15,2,0,17.35187,78.44583,17.45669,78.3789,13.648502386685598,0.22664812641653287,0.677,0.637,0.452,26,0.27,0.877,0
CASE_10084,UPI Fraud,IMPS,4815.71,15,2,0,17.35187,78.44583,17.43047,78.41054,9.508359003933796,0.29611294745980266,0.534,0.784,0.738,20,0.27,0.877,0
CASE_10084,UPI Fraud,IMPS,4815.71,15,2,0,17.35187,78.44583,17.43501,78.49089,10.408003001987298,0.2776234846319979,0.835,0.823,0.529,30,0.27,0.877,0
CASE_10085,Card Fraud,POS,14905.55,20,0,1,17.35105,78.32742,17.40491,78.39305,9.185507666764021,0.30336336689428944,0.835,0.944,0.757,35,0.507,0.594,1
CASE_10085,Card Fraud,POS,14905.55,20,0,1,17.35105,78.32742,17.42186,78.39999,11.01347444761333,0.2664273359212913,0.539,0.72,0.83,14,0.507,0.594,0
CASE_10085,Card Fraud,POS,14905.55,20,0,1,17.35105,78.32742,17.42515,78.46117,16.411049828089535,0.19597228137159461,0.528,0.643,0.626,16,0.507,0.594,0
CASE_10085,Card Fraud,POS,14905.55,20,0,1,17.35105,78.32742,17.38321,78.48746,17.356744172365723,0.18729446622185733,0.731,0.667,0.769,26,0.507,0.594,0
CASE_10085,Card Fraud,POS,14905.55,20,0,1,17.35105,78.32742,17.46135,78.34829,12.463096231903164,0.24296766195465483,0.718,0.8,0.255,21,0.507,0.594,0
CASE_10086,UPI Fraud,NEFT,19194.72,16,1,0,17.44174,78.44907,17.43207,78.45762,1.4067247366176279,0.7398194276304779,0.95,0.841,0.201,31,0.214,0.325,1
CASE_10086,UPI Fraud,NEFT,19194.72,16,1,0,17.44174,78.44907,17.42178,78.44946,2.219836347723226,0.6431037372010924,0.735,0.705,0.59,28,0.214,0.325,0
CASE_10086,UPI Fraud,NEFT,19194.72,16,1,0,17.44174,78.44907,17.4323,78.45075,1.064702681580853,0.7897798254865129,0.906,0.94,0.873,29,0.214,0.325,0
CASE_10086,UPI Fraud,NEFT,19194.72,16,1,0,17.44174,78.44907,17.38223,78.44992,6.617824611997058,0.37672500217044536,0.739,0.727,0.775,30,0.214,0.325,0
CASE_10086,UPI Fraud,NEFT,19194.72,16,1,0,17.44174,78.44907,17.36061,78.52412,12.033132285893416,0.24948337783748958,0.927,0.941,0.774,32,0.214,0.325,0
CASE_10087,UPI Fraud,POS,54686.67,12,6,0,17.50833,78.48971,17.43207,78.45762,9.137318700938863,0.30447613330063605,0.95,0.841,0.201,31,0.368,0.699,1
CASE_10087,UPI Fraud,POS,54686.67,12,6,0,17.50833,78.48971,17.45846,78.45064,6.922459150229374,0.3662178951629221,0.677,0.805,0.595,23,0.368,0.699,0
CASE_10087,UPI Fraud,POS,54686.67,12,6,0,17.50833,78.48971,17.49578,78.38923,10.746622137227076,0.2712485586717659,0.696,0.695,0.432,25,0.368,0.699,0
CASE_10087,UPI Fraud,POS,54686.67,12,6,0,17.50833,78.48971,17.34386,78.50981,18.412132859637016,0.17847475851813166,0.682,0.761,0.743,22,0.368,0.699,0
CASE_10087,UPI Fraud,POS,54686.67,12,6,0,17.50833,78.48971,17.49716,78.36661,13.113324869651963,0.23373599405533574,0.654,0.696,0.471,26,0.368,0.699,0
CASE_10088,Card Fraud,IMPS,35520.54,13,4,0,17.40933,78.39167,17.40491,78.39305,0.5128288220170466,0.8863620043563201,0.835,0.944,0.757,35,0.287,0.552,1
CASE_10088,Card Fraud,IMPS,35520.54,13,4,0,17.40933,78.39167,17.42037,78.46312,7.679459106150286,0.3424816135443841,0.896,0.931,0.702,33,0.287,0.552,0
CASE_10088,Card Fraud,IMPS,35520.54,13,4,0,17.40933,78.39167,17.39728,78.40857,2.2384792836413046,0.641181899968619,0.794,0.9,0.369,29,0.287,0.552,0
CASE_10088,Card Fraud,IMPS,35520.54,13,4,0,17.40933,78.39167,17.45846,78.45064,8.305501183282846,0.32505786968141065,0.677,0.805,0.595,23,0.287,0.552,0
CASE_10088,Card Fraud,IMPS,35520.54,13,4,0,17.40933,78.39167,17.43047,78.41054,3.0876641996419187,0.5643608228790081,0.534,0.784,0.738,20,0.287,0.552,0
CASE_10089,Phishing,UPI,40687.53,19,3,0,17.39771,78.48539,17.39933,78.4862,0.1995890909702332,0.9524741381485676,0.554,0.559,0.394,18,0.335,0.152,1
CASE_10089,Phishing,UPI,40687.53,19,3,0,17.39771,78.48539,17.41244,78.38452,10.827287850638934,0.26977287014952184,0.72,0.781,0.685,23,0.335,0.152,0
CASE_10089,Phishing,UPI,40687.53,19,3,0,17.39771,78.48539,17.43751,78.4502,5.790064112724903,0.40857750816982813,0.782,0.806,0.583,30,0.335,0.152,0
CASE_10089,Phishing,UPI,40687.53,19,3,0,17.39771,78.48539,17.35729,78.54128,7.4416166080917785,0.34960094687765597,0.891,0.785,0.746,32,0.335,0.152,0
CASE_10089,Phishing,UPI,40687.53,19,3,0,17.39771,78.48539,17.33877,78.53292,8.270180040644622,0.32599358662628536,0.839,0.811,0.736,30,0.335,0.152,0
CASE_10090,Other Financial Fraud,ATM,6035.79,13,1,0,17.33963,78.46551,17.35147,78.47739,1.8229710208405139,0.6869345538014754,0.781,0.8,0.224,27,0.471,0.638,1
CASE_10090,Other Financial Fraud,ATM,6035.79,13,1,0,17.33963,78.46551,17.44926,78.38584,14.834746823661453,0.21237344135547048,0.789,0.801,0.538,24,0.471,0.638,0
CASE_10090,Other Financial Fraud,ATM,6035.79,13,1,0,17.33963,78.46551,17.48862,78.42182,17.203213455431737,0.1886506499784965,0.82,0.99,0.683,32,0.471,0.638,0
CASE_10090,Other Financial Fraud,ATM,6035.79,13,1,0,17.33963,78.46551,17.42744,78.50562,10.6514077650402,0.2730113081382132,0.644,0.754,0.642,19,0.471,0.638,0
CASE_10090,Other Financial Fraud,ATM,6035.79,13,1,0,17.33963,78.46551,17.45669,78.3789,15.933757307443708,0.20066462826385026,0.677,0.637,0.452,26,0.471,0.638,0
CASE_10091,Account Takeover,IMPS,53946.9,16,3,0,17.37993,78.49323,17.38417,78.49851,0.7322668876631699,0.8452608643920401,0.916,0.826,0.633,30,0.345,0.681,1
CASE_10091,Account Takeover,IMPS,53946.9,16,3,0,17.37993,78.49323,17.39678,78.56042,7.3718390743629945,0.351746096110146,0.655,0.674,0.223,23,0.345,0.681,0
CASE_10091,Account Takeover,IMPS,53946.9,16,3,0,17.37993,78.49323,17.45743,78.44959,9.782650433727088,0.2902199413119937,0.604,0.765,0.846,23,0.345,0.681,0
CASE_10091,Account Takeover,IMPS,53946.9,16,3,0,17.37993,78.49323,17.43233,78.46595,6.505960571154331,0.3807362470960144,0.752,0.53,0.578,22,0.345,0.681,0
CASE_10091,Account Takeover,IMPS,53946.9,16,3,0,17.37993,78.49323,17.40326,78.46372,4.066340324489709,0.495887830055453,0.608,0.618,0.805,18,0.345,0.681,0
CASE_10092,UPI Fraud,IMPS,33475.64,20,2,1,17.41315,78.41478,17.4177,78.4204,0.7819905089276213,0.8364717563810085,0.755,0.91,0.81,22,0.336,0.815,1
CASE_10092,UPI Fraud,IMPS,33475.64,20,2,1,17.41315,78.41478,17.39157,78.53247,12.715994751120164,0.23929177171654437,0.678,0.718,0.124,28,0.336,0.815,0
CASE_10092,UPI Fraud,IMPS,33475.64,20,2,1,17.41315,78.41478,17.39933,78.4862,7.732125419339321,0.3409441901640747,0.554,0.559,0.394,18,0.336,0.815,0
CASE_10092,UPI Fraud,IMPS,33475.64,20,2,1,17.41315,78.41478,17.43751,78.4502,4.632277405880407,0.4633771381437712,0.782,0.806,0.583,30,0.336,0.815,0
CASE_10092,UPI Fraud,IMPS,33475.64,20,2,1,17.41315,78.41478,17.3995,78.45764,4.794182774328464,0.4548461298389884,0.668,0.744,0.686,26,0.336,0.815,0
CASE_10093,UPI Fraud,UPI,54563.52,12,3,0,17.45535,78.40345,17.44757,78.39254,1.4448978461327096,0.7346326989111537,0.65,0.734,0.402,21,0.639,0.1,1
CASE_10093,UPI Fraud,UPI,54563.52,12,3,0,17.45535,78.40345,17.49716,78.36661,6.072975764377882,0.39710211694796466,0.654,0.696,0.471,26,0.639,0.1,0
CASE_10093,UPI Fraud,UPI,54563.52,12,3,0,17.45535,78.40345,17.47084,78.46262,6.508218107370398,0.3806544515091883,0.872,0.924,0.549,24,0.639,0.1,0
CASE_10093,UPI Fraud,UPI,54563.52,12,3,0,17.45535,78.40345,17.39678,78.56042,17.881380724138893,0.18280382076563012,0.655,0.674,0.223,23,0.639,0.1,0
CASE_10093,UPI Fraud,UPI,54563.52,12,3,0,17.45535,78.40345,17.35147,78.47739,13.963307404240412,0.22267614253796947,0.781,0.8,0.224,27,0.639,0.1,0
CASE_10094,UPI Fraud,ATM,12047.7,18,5,0,17.43744,78.4978,17.43501,78.49089,0.7812649442015356,0.8365986923295241,0.835,0.823,0.529,30,0.1,0.122,1
CASE_10094,UPI Fraud,ATM,12047.7,18,5,0,17.43744,78.4978,17.48972,78.44241,8.265113982766684,0.3261282370160009,0.733,0.815,0.734,22,0.1,0.122,0
CASE_10094,UPI Fraud,ATM,12047.7,18,5,0,17.43744,78.4978,17.46304,78.38084,12.729191530347201,0.23910300702481008,0.683,0.758,0.547,22,0.1,0.122,0
CASE_10094,UPI Fraud,ATM,12047.7,18,5,0,17.43744,78.4978,17.48507,78.37561,14.00117273757011,0.22220774492384215,0.533,0.719,0.943,24,0.1,0.122,0
CASE_10094,UPI Fraud,ATM,12047.7,18,5,0,17.43744,78.4978,17.41244,78.38452,12.335436761113359,0.2448664249689383,0.72,0.781,0.685,23,0.1,0.122,0
CASE_10095,Account Takeover,UPI,20000.0,12,3,0,17.3861,78.49501,17.38417,78.49851,0.42894806106411004,0.9031489971997888,0.916,0.826,0.633,30,0.288,0.447,1
CASE_10095,Account Takeover,UPI,20000.0,12,3,0,17.3861,78.49501,17.43751,78.4502,7.435214358865655,0.34979667844169654,0.782,0.806,0.583,30,0.288,0.447,0
CASE_10095,Account Takeover,UPI,20000.0,12,3,0,17.3861,78.49501,17.3995,78.45764,4.236064023953878,0.4856688811993626,0.668,0.744,0.686,26,0.288,0.447,0
CASE_10095,Account Takeover,UPI,20000.0,12,3,0,17.3861,78.49501,17.33877,78.53292,6.624562992792002,0.3764860731414282,0.839,0.811,0.736,30,0.288,0.447,0
CASE_10095,Account Takeover,UPI,20000.0,12,3,0,17.3861,78.49501,17.40326,78.46372,3.8294156825510277,0.5108938089613215,0.608,0.618,0.805,18,0.288,0.447,0
CASE_10096,Phishing,UPI,33526.69,10,1,0,17.43029,78.42219,17.43423,78.42973,0.9120217093474168,0.8143286485049793,0.609,0.731,0.342,25,0.301,0.394,1
CASE_10096,Phishing,UPI,33526.69,10,1,0,17.43029,78.42219,17.33877,78.53292,15.544427107366534,0.20466192117201282,0.839,0.811,0.736,30,0.301,0.394,0
CASE_10096,Phishing,UPI,33526.69,10,1,0,17.43029,78.42219,17.38417,78.49851,9.585039383333045,0.2944415461104547,0.916,0.826,0.633,30,0.301,0.394,0
CASE_10096,Phishing,UPI,33526.69,10,1,0,17.43029,78.42219,17.43233,78.46595,4.647971146411729,0.4625362333290977,0.752,0.53,0.578,22,0.301,0.394,0
CASE_10096,Phishing,UPI,33526.69,10,1,0,17.43029,78.42219,17.4323,78.45075,3.038119909889677,0.5683335963599263,0.906,0.94,0.873,29,0.301,0.394,0
CASE_10097,Phishing,UPI,62868.93,10,4,0,17.34713,78.32818,17.43207,78.45762,16.669210397461363,0.19352456736766727,0.95,0.841,0.201,31,0.588,0.528,1
CASE_10097,Phishing,UPI,62868.93,10,4,0,17.34713,78.32818,17.45924,78.45518,18.357198544935503,0.17891329237696937,0.45,0.599,0.531,15,0.588,0.528,0
CASE_10097,Phishing,UPI,62868.93,10,4,0,17.34713,78.32818,17.37166,78.46218,14.480659007731688,0.21644249798270365,0.636,0.636,0.897,15,0.588,0.528,0
CASE_10097,Phishing,UPI,62868.93,10,4,0,17.34713,78.32818,17.42178,78.44946,15.314408197189675,0.20709927838130793,0.735,0.705,0.59,28,0.588,0.528,0
CASE_10097,Phishing,UPI,62868.93,10,4,0,17.34713,78.32818,17.40823,78.54179,23.664453882505306,0.1445898775731682,0.748,0.807,0.588,32,0.588,0.528,0
CASE_10098,UPI Fraud,POS,46853.8,20,6,1,17.41799,78.46536,17.42037,78.46312,0.35569065510458403,0.9183388621302254,0.896,0.931,0.702,33,0.592,0.734,1
CASE_10098,UPI Fraud,POS,46853.8,20,6,1,17.41799,78.46536,17.44546,78.36574,11.001070915443988,0.266647629529029,0.381,0.46,0.931,18,0.592,0.734,0
CASE_10098,UPI Fraud,POS,46853.8,20,6,1,17.41799,78.46536,17.45813,78.37688,10.393527968211236,0.27790268020697795,0.669,0.744,0.567,24,0.592,0.734,0
CASE_10098,UPI Fraud,POS,46853.8,20,6,1,17.41799,78.46536,17.3995,78.45764,2.2131525350668473,0.6437955574765177,0.668,0.744,0.686,26,0.592,0.734,0
CASE_10098,UPI Fraud,POS,46853.8,20,6,1,17.41799,78.46536,17.35493,78.51385,8.697331569761129,0.31502682103112556,0.675,0.762,0.727,22,0.592,0.734,0
CASE_10099,Account Takeover,UPI,132534.38,12,2,0,17.38828,78.52983,17.39157,78.53247,0.460770363268705,0.8967061010217375,0.678,0.718,0.124,28,0.48,0.655,1
CASE_10099,Account Takeover,UPI,132534.38,12,2,0,17.38828,78.52983,17.40823,78.54179,2.5556818833162676,0.6101577335806528,0.748,0.807,0.588,32,0.48,0.655,0
CASE_10099,Account Takeover,UPI,132534.38,12,2,0,17.38828,78.52983,17.38417,78.49851,3.3547859214019407,0.5438635526236412,0.916,0.826,0.633,30,0.48,0.655,0
CASE_10099,Account Takeover,UPI,132534.38,12,2,0,17.38828,78.52983,17.43969,78.34535,20.39076908377115,0.16399646875675905,0.798,0.777,0.447,29,0.48,0.655,0
CASE_10099,Account Takeover,UPI,132534.38,12,2,0,17.38828,78.52983,17.41317,78.53574,2.837794932671897,0.5849839077342706,0.519,0.472,0.287,18,0.48,0.655,0
CASE_10100,UPI Fraud,UPI,26617.25,14,5,0,17.45076,78.4373,17.44948,78.44085,0.4025750379891928,0.9085591876310045,0.672,0.864,0.251,25,0.156,0.752,1
CASE_10100,UPI Fraud,UPI,26617.25,14,5,0,17.45076,78.4373,17.4837,78.3453,10.42298621489064,0.2773350775216233,0.791,0.836,0.648,31,0.156,0.752,0
CASE_10100,UPI Fraud,UPI,26617.25,14,5,0,17.45076,78.4373,17.35493,78.51385,13.398457843043516,0.22990543392323323,0.675,0.762,0.727,22,0.156,0.752,0
CASE_10100,UPI Fraud,UPI,26617.25,14,5,0,17.45076,78.4373,17.39678,78.56042,14.375239457673292,0.21768423803204617,0.655,0.674,0.223,23,0.156,0.752,0
CASE_10100,UPI Fraud,UPI,26617.25,14,5,0,17.45076,78.4373,17.43576,78.50111,6.971527107922329,0.36458005897024826,0.766,0.712,0.716,25,0.156,0.752,0
